-- phpMyAdmin SQL Dump
-- version 4.8.5
-- https://www.phpmyadmin.net/
--
-- Host: 127.0.0.1
-- Generation Time: Sep 16, 2020 at 05:04 AM
-- Server version: 10.1.38-MariaDB
-- PHP Version: 7.3.2

SET SQL_MODE = "NO_AUTO_VALUE_ON_ZERO";
SET AUTOCOMMIT = 0;
START TRANSACTION;
SET time_zone = "+00:00";


/*!40101 SET @OLD_CHARACTER_SET_CLIENT=@@CHARACTER_SET_CLIENT */;
/*!40101 SET @OLD_CHARACTER_SET_RESULTS=@@CHARACTER_SET_RESULTS */;
/*!40101 SET @OLD_COLLATION_CONNECTION=@@COLLATION_CONNECTION */;
/*!40101 SET NAMES utf8mb4 */;

--
-- Database: `db_optik`
--

-- --------------------------------------------------------

--
-- Table structure for table `admin`
--

CREATE TABLE `admin` (
  `id` int(11) NOT NULL,
  `email` varchar(50) NOT NULL,
  `password` varchar(40) NOT NULL,
  `nama` varchar(40) NOT NULL,
  `status` tinyint(4) NOT NULL DEFAULT '1',
  `gambar` varchar(255) NOT NULL DEFAULT 'default.png',
  `theme` varchar(20) NOT NULL DEFAULT 'sb_admin'
) ENGINE=InnoDB DEFAULT CHARSET=utf8;

--
-- Dumping data for table `admin`
--

INSERT INTO `admin` (`id`, `email`, `password`, `nama`, `status`, `gambar`, `theme`) VALUES
(2, 'admin@admin.com', 'admin', 'admin', 1, 'default.png', 'sb_admin');

-- --------------------------------------------------------

--
-- Table structure for table `centroid_data`
--

CREATE TABLE `centroid_data` (
  `id_c` int(5) NOT NULL,
  `id_proses` int(4) NOT NULL,
  `tipe` varchar(2) NOT NULL,
  `r` float NOT NULL,
  `f` float NOT NULL,
  `m` float NOT NULL,
  `r2` float NOT NULL,
  `f2` float NOT NULL,
  `m2` float NOT NULL
) ENGINE=InnoDB DEFAULT CHARSET=latin1;

--
-- Dumping data for table `centroid_data`
--

INSERT INTO `centroid_data` (`id_c`, `id_proses`, `tipe`, `r`, `f`, `m`, `r2`, `f2`, `m2`) VALUES
(1, 3, 'C1', 4, 2, 3, 4.67, 1.93, 3),
(2, 3, 'C2', 2, 1, 1, 2.8, 1, 1),
(3, 4, 'C1', 4, 2, 3, 4.81, 2.27, 2.65),
(4, 4, 'C2', 2, 1, 1, 2.5, 1, 1);

-- --------------------------------------------------------

--
-- Table structure for table `data_bobot`
--

CREATE TABLE `data_bobot` (
  `id` int(4) NOT NULL,
  `id_proses` int(3) NOT NULL,
  `id_member` int(3) NOT NULL,
  `nilai_r` int(1) NOT NULL,
  `nilai_f` int(1) NOT NULL,
  `nilai_m` int(1) NOT NULL
) ENGINE=InnoDB DEFAULT CHARSET=latin1;

--
-- Dumping data for table `data_bobot`
--

INSERT INTO `data_bobot` (`id`, `id_proses`, `id_member`, `nilai_r`, `nilai_f`, `nilai_m`) VALUES
(21, 2, 1, 5, 3, 4),
(22, 2, 2, 5, 1, 3),
(23, 2, 3, 5, 1, 2),
(24, 2, 4, 4, 1, 1),
(25, 2, 5, 4, 1, 1),
(26, 2, 6, 5, 2, 3),
(27, 2, 7, 5, 1, 1),
(28, 2, 8, 3, 2, 2),
(29, 2, 9, 5, 2, 3),
(30, 2, 10, 5, 3, 5),
(31, 2, 11, 5, 1, 2),
(32, 2, 12, 3, 1, 1),
(33, 2, 13, 2, 1, 1),
(34, 2, 14, 5, 2, 3),
(35, 2, 15, 4, 1, 2),
(36, 2, 16, 5, 2, 4),
(37, 2, 17, 4, 2, 3),
(38, 2, 18, 1, 1, 1),
(39, 2, 19, 4, 2, 3),
(40, 2, 20, 5, 4, 5),
(41, 3, 1, 5, 3, 4),
(42, 3, 2, 5, 1, 3),
(43, 3, 3, 5, 1, 2),
(44, 3, 4, 4, 1, 1),
(45, 3, 5, 4, 1, 1),
(46, 3, 6, 5, 2, 3),
(47, 3, 7, 5, 1, 1),
(48, 3, 8, 3, 2, 2),
(49, 3, 9, 5, 2, 3),
(50, 3, 10, 5, 3, 5),
(51, 3, 11, 5, 1, 2),
(52, 3, 12, 3, 1, 1),
(53, 3, 13, 2, 1, 1),
(54, 3, 14, 5, 2, 3),
(55, 3, 15, 4, 1, 2),
(56, 3, 16, 5, 2, 4),
(57, 3, 17, 4, 2, 3),
(58, 3, 18, 1, 1, 1),
(59, 3, 19, 4, 2, 3),
(60, 3, 20, 5, 4, 5),
(61, 4, 21, 5, 2, 2),
(62, 4, 22, 4, 2, 3),
(63, 4, 23, 5, 3, 4),
(64, 4, 24, 5, 4, 5),
(65, 4, 25, 5, 2, 3),
(66, 4, 26, 4, 1, 1),
(67, 4, 27, 4, 2, 2),
(68, 4, 28, 5, 4, 4),
(69, 4, 29, 5, 3, 3),
(70, 4, 30, 5, 2, 3),
(71, 4, 31, 5, 1, 1),
(72, 4, 32, 5, 3, 3),
(73, 4, 33, 4, 2, 2),
(74, 4, 34, 5, 3, 3),
(75, 4, 35, 2, 1, 1),
(76, 4, 36, 4, 2, 2),
(77, 4, 37, 5, 3, 3),
(78, 4, 38, 5, 1, 1),
(79, 4, 39, 5, 2, 2),
(80, 4, 40, 5, 5, 5),
(81, 4, 41, 4, 2, 3),
(82, 4, 42, 5, 2, 2),
(83, 4, 43, 5, 2, 4),
(84, 4, 44, 5, 2, 2),
(85, 4, 45, 1, 1, 1),
(86, 4, 46, 5, 1, 1),
(87, 4, 47, 5, 2, 2),
(88, 4, 48, 3, 1, 1),
(89, 4, 49, 5, 1, 2),
(90, 4, 50, 5, 1, 2);

-- --------------------------------------------------------

--
-- Table structure for table `detail_penjualan`
--

CREATE TABLE `detail_penjualan` (
  `id_detail` int(10) NOT NULL,
  `id_penjualan` int(5) NOT NULL,
  `id_kategori` int(5) NOT NULL,
  `qty` int(3) NOT NULL,
  `harga` int(10) NOT NULL,
  `sub_total` int(10) NOT NULL
) ENGINE=InnoDB DEFAULT CHARSET=utf8mb4;

--
-- Dumping data for table `detail_penjualan`
--

INSERT INTO `detail_penjualan` (`id_detail`, `id_penjualan`, `id_kategori`, `qty`, `harga`, `sub_total`) VALUES
(4, 4, 17, 8, 300000, 2400000),
(5, 4, 21, 6, 400000, 2400000),
(6, 6, 11, 1, 350000, 350000),
(7, 6, 12, 1, 475000, 475000),
(8, 7, 5, 1, 670000, 670000),
(9, 7, 10, 1, 500000, 500000),
(10, 7, 14, 1, 675000, 675000),
(11, 7, 19, 1, 675000, 675000),
(12, 7, 25, 1, 650000, 650000),
(13, 8, 2, 1, 450000, 450000),
(14, 8, 12, 1, 475000, 475000),
(15, 8, 16, 1, 525000, 525000),
(16, 9, 3, 1, 575000, 575000),
(17, 9, 5, 1, 670000, 670000),
(18, 9, 10, 2, 500000, 1000000),
(19, 9, 16, 1, 525000, 525000),
(20, 9, 18, 1, 675000, 675000),
(21, 9, 19, 1, 675000, 675000),
(22, 9, 24, 1, 525000, 525000),
(23, 10, 1, 1, 475000, 475000),
(24, 10, 12, 1, 475000, 475000),
(25, 10, 19, 1, 675000, 675000),
(26, 10, 20, 1, 600000, 600000),
(27, 10, 25, 1, 650000, 650000),
(28, 11, 18, 1, 675000, 675000),
(29, 11, 19, 1, 675000, 675000),
(30, 12, 2, 1, 450000, 450000),
(31, 12, 18, 1, 675000, 675000),
(32, 13, 3, 1, 575000, 575000),
(33, 13, 20, 1, 600000, 600000),
(34, 13, 21, 1, 400000, 400000),
(35, 14, 6, 1, 450000, 450000),
(36, 14, 9, 1, 450000, 450000),
(37, 14, 16, 1, 525000, 525000),
(38, 15, 5, 2, 670000, 1340000),
(39, 15, 11, 1, 350000, 350000),
(40, 15, 17, 1, 300000, 300000),
(41, 15, 23, 1, 375000, 375000),
(42, 15, 22, 1, 450000, 450000),
(43, 16, 3, 1, 575000, 575000),
(44, 16, 9, 1, 450000, 450000),
(45, 16, 18, 1, 675000, 675000),
(46, 16, 22, 1, 450000, 450000),
(47, 17, 1, 1, 475000, 475000),
(48, 17, 3, 1, 575000, 575000),
(49, 17, 16, 1, 525000, 525000),
(50, 17, 17, 1, 300000, 300000),
(51, 17, 25, 1, 650000, 650000),
(52, 18, 9, 1, 450000, 450000),
(53, 18, 3, 1, 575000, 575000),
(54, 18, 5, 1, 670000, 670000),
(55, 18, 12, 1, 475000, 475000),
(56, 18, 18, 1, 675000, 675000),
(57, 18, 19, 1, 675000, 675000),
(58, 19, 17, 1, 300000, 300000),
(59, 20, 11, 1, 350000, 350000),
(60, 21, 16, 1, 525000, 525000),
(61, 21, 18, 1, 675000, 675000),
(62, 21, 20, 1, 600000, 600000),
(63, 21, 23, 1, 375000, 375000),
(64, 22, 19, 1, 675000, 675000),
(65, 23, 10, 1, 500000, 500000),
(66, 24, 20, 1, 600000, 600000),
(67, 25, 14, 1, 675000, 675000),
(68, 25, 22, 1, 450000, 450000),
(69, 25, 25, 1, 650000, 650000),
(70, 25, 26, 1, 375000, 375000),
(71, 26, 16, 1, 525000, 525000),
(72, 27, 1, 1, 475000, 475000),
(73, 28, 1, 1, 475000, 475000),
(74, 28, 4, 1, 450000, 450000),
(75, 29, 7, 1, 450000, 450000),
(76, 29, 12, 1, 475000, 475000),
(77, 29, 21, 1, 400000, 400000),
(78, 29, 17, 1, 300000, 300000),
(79, 29, 25, 1, 650000, 650000),
(80, 30, 17, 1, 300000, 300000),
(81, 31, 2, 1, 450000, 450000),
(82, 31, 6, 1, 450000, 450000),
(83, 31, 8, 1, 450000, 450000),
(84, 31, 9, 1, 450000, 450000),
(85, 31, 14, 1, 675000, 675000),
(86, 31, 16, 1, 525000, 525000),
(87, 31, 18, 1, 675000, 675000),
(88, 31, 22, 1, 450000, 450000),
(89, 31, 24, 1, 525000, 525000),
(90, 31, 26, 1, 375000, 375000),
(91, 32, 20, 1, 600000, 600000),
(92, 32, 25, 1, 650000, 650000),
(93, 33, 19, 1, 675000, 675000),
(94, 33, 18, 1, 675000, 675000),
(95, 33, 9, 1, 450000, 450000),
(96, 33, 2, 1, 450000, 450000),
(97, 33, 14, 1, 675000, 675000),
(98, 33, 25, 1, 650000, 650000),
(99, 34, 2, 1, 450000, 450000),
(100, 34, 17, 1, 300000, 300000),
(101, 34, 24, 1, 525000, 525000),
(102, 35, 2, 1, 450000, 450000),
(103, 35, 6, 1, 450000, 450000),
(104, 35, 8, 1, 450000, 450000),
(105, 35, 10, 1, 500000, 500000),
(106, 35, 12, 1, 475000, 475000),
(107, 35, 14, 1, 675000, 675000),
(108, 35, 16, 1, 525000, 525000),
(109, 35, 18, 1, 675000, 675000),
(110, 35, 20, 2, 600000, 1200000),
(111, 36, 14, 1, 675000, 675000),
(112, 36, 20, 2, 600000, 1200000),
(113, 36, 16, 1, 525000, 525000),
(114, 37, 10, 1, 500000, 500000),
(115, 37, 16, 1, 525000, 525000),
(116, 38, 22, 1, 450000, 450000),
(117, 39, 6, 1, 450000, 450000),
(118, 39, 11, 1, 350000, 350000),
(119, 40, 1, 1, 475000, 475000),
(120, 40, 7, 1, 450000, 450000),
(121, 40, 9, 1, 450000, 450000),
(122, 40, 14, 1, 675000, 675000),
(123, 41, 4, 1, 450000, 450000),
(124, 41, 14, 1, 675000, 675000),
(125, 41, 16, 1, 525000, 525000),
(126, 41, 25, 1, 650000, 650000),
(127, 42, 6, 1, 450000, 450000),
(128, 42, 14, 1, 675000, 675000),
(129, 42, 25, 1, 650000, 650000),
(130, 43, 3, 1, 575000, 575000),
(131, 43, 14, 3, 675000, 2025000),
(132, 44, 6, 1, 450000, 450000),
(133, 44, 14, 4, 675000, 2700000),
(134, 45, 1, 1, 475000, 475000),
(135, 45, 3, 1, 575000, 575000),
(136, 45, 9, 1, 450000, 450000),
(137, 45, 18, 1, 675000, 675000),
(138, 45, 24, 1, 525000, 525000),
(139, 46, 23, 1, 375000, 375000),
(140, 46, 24, 1, 525000, 525000),
(141, 47, 3, 1, 575000, 575000),
(142, 47, 6, 1, 450000, 450000),
(143, 47, 14, 1, 675000, 675000),
(144, 47, 18, 1, 675000, 675000),
(145, 47, 25, 1, 650000, 650000),
(146, 48, 20, 1, 600000, 600000),
(147, 48, 18, 1, 675000, 675000),
(148, 49, 1, 1, 475000, 475000),
(149, 49, 18, 1, 675000, 675000),
(150, 50, 9, 1, 450000, 450000),
(151, 50, 12, 1, 475000, 475000),
(152, 51, 2, 1, 450000, 450000),
(153, 51, 9, 1, 450000, 450000),
(154, 51, 18, 1, 675000, 675000),
(155, 52, 12, 1, 475000, 475000),
(156, 52, 11, 1, 350000, 350000),
(157, 52, 25, 1, 650000, 650000),
(158, 53, 4, 1, 450000, 450000),
(159, 54, 7, 1, 450000, 450000),
(160, 54, 22, 1, 450000, 450000),
(161, 54, 19, 1, 675000, 675000),
(162, 55, 1, 1, 475000, 475000),
(163, 55, 8, 1, 450000, 450000),
(164, 55, 9, 1, 450000, 450000),
(165, 55, 20, 1, 600000, 600000),
(166, 56, 16, 1, 525000, 525000),
(167, 56, 20, 1, 600000, 600000),
(168, 57, 10, 1, 500000, 500000),
(169, 57, 18, 1, 675000, 675000),
(170, 58, 18, 1, 675000, 675000),
(171, 59, 5, 1, 670000, 670000),
(172, 59, 7, 1, 450000, 450000),
(173, 59, 19, 1, 675000, 675000),
(174, 59, 20, 1, 600000, 600000),
(175, 60, 16, 1, 525000, 525000),
(176, 60, 23, 1, 375000, 375000),
(177, 61, 3, 1, 575000, 575000),
(178, 62, 12, 1, 475000, 475000),
(179, 62, 9, 1, 450000, 450000),
(180, 62, 14, 1, 675000, 675000),
(181, 62, 5, 1, 670000, 670000),
(182, 63, 9, 1, 450000, 450000),
(183, 63, 20, 1, 600000, 600000),
(184, 63, 18, 1, 675000, 675000),
(185, 64, 3, 2, 575000, 1150000),
(186, 65, 18, 1, 675000, 675000),
(187, 66, 6, 1, 450000, 450000),
(188, 66, 5, 1, 670000, 670000),
(189, 66, 19, 1, 675000, 675000),
(190, 67, 24, 1, 525000, 525000),
(191, 68, 14, 1, 675000, 675000),
(192, 68, 9, 1, 450000, 450000),
(193, 68, 18, 1, 675000, 675000),
(194, 68, 1, 1, 475000, 475000),
(195, 68, 7, 1, 450000, 450000),
(196, 68, 5, 1, 670000, 670000),
(197, 68, 22, 1, 450000, 450000),
(198, 68, 10, 1, 500000, 500000),
(199, 69, 16, 1, 525000, 525000),
(200, 70, 3, 3, 575000, 1725000),
(201, 70, 12, 2, 475000, 950000),
(202, 70, 14, 2, 675000, 1350000),
(203, 71, 6, 1, 450000, 450000),
(204, 71, 19, 3, 675000, 2025000),
(205, 72, 18, 1, 675000, 675000),
(206, 72, 19, 1, 675000, 675000),
(207, 73, 3, 1, 575000, 575000),
(208, 73, 14, 1, 675000, 675000),
(209, 73, 16, 1, 525000, 525000),
(210, 74, 25, 1, 650000, 650000),
(211, 74, 26, 1, 375000, 375000),
(212, 75, 1, 1, 475000, 475000),
(213, 75, 9, 1, 450000, 450000),
(214, 75, 14, 1, 675000, 675000),
(215, 75, 18, 1, 675000, 675000),
(216, 75, 20, 1, 600000, 600000),
(217, 75, 25, 1, 650000, 650000),
(218, 76, 7, 1, 450000, 450000),
(219, 76, 26, 1, 375000, 375000),
(220, 77, 4, 1, 450000, 450000),
(221, 77, 11, 1, 350000, 350000),
(222, 77, 18, 1, 675000, 675000),
(223, 77, 19, 1, 675000, 675000),
(224, 77, 25, 2, 650000, 1300000),
(225, 78, 19, 3, 675000, 2025000),
(226, 79, 14, 1, 675000, 675000),
(227, 80, 10, 1, 500000, 500000),
(228, 80, 11, 1, 350000, 350000),
(229, 80, 23, 1, 375000, 375000),
(230, 80, 25, 1, 650000, 650000),
(231, 80, 26, 1, 375000, 375000),
(232, 81, 23, 1, 375000, 375000),
(233, 81, 9, 1, 450000, 450000),
(234, 81, 14, 1, 675000, 675000),
(235, 81, 4, 1, 450000, 450000),
(236, 81, 17, 1, 300000, 300000),
(237, 81, 16, 1, 525000, 525000),
(238, 81, 25, 1, 650000, 650000),
(239, 82, 14, 1, 675000, 675000),
(240, 83, 8, 1, 450000, 450000),
(241, 84, 4, 1, 450000, 450000),
(242, 84, 9, 1, 450000, 450000),
(243, 84, 23, 1, 375000, 375000),
(244, 85, 25, 1, 650000, 650000),
(245, 86, 1, 1, 475000, 475000),
(246, 86, 7, 1, 450000, 450000),
(247, 87, 3, 2, 575000, 1150000),
(248, 87, 5, 2, 670000, 1340000),
(249, 87, 14, 2, 675000, 1350000),
(250, 88, 1, 1, 475000, 475000),
(251, 88, 4, 1, 450000, 450000),
(252, 88, 14, 1, 675000, 675000),
(253, 89, 19, 1, 675000, 675000),
(254, 90, 8, 1, 450000, 450000),
(255, 91, 1, 1, 475000, 475000),
(256, 91, 18, 1, 675000, 675000),
(257, 92, 9, 1, 450000, 450000),
(258, 92, 6, 1, 450000, 450000),
(259, 92, 14, 1, 675000, 675000),
(260, 92, 16, 1, 525000, 525000),
(261, 92, 21, 1, 400000, 400000),
(262, 92, 25, 1, 650000, 650000),
(263, 92, 26, 1, 375000, 375000),
(264, 93, 19, 1, 675000, 675000),
(265, 93, 5, 1, 670000, 670000),
(266, 93, 14, 1, 675000, 675000),
(267, 93, 4, 1, 450000, 450000),
(268, 94, 1, 1, 475000, 475000),
(269, 94, 14, 1, 675000, 675000),
(270, 94, 16, 1, 525000, 525000),
(271, 95, 9, 1, 450000, 450000),
(272, 95, 11, 1, 350000, 350000),
(273, 96, 16, 1, 525000, 525000),
(274, 96, 22, 1, 450000, 450000),
(275, 97, 5, 1, 670000, 670000),
(276, 97, 14, 2, 675000, 1350000),
(277, 97, 18, 1, 675000, 675000),
(278, 97, 19, 1, 675000, 675000),
(279, 97, 20, 1, 600000, 600000),
(280, 98, 9, 1, 450000, 450000),
(281, 98, 12, 1, 475000, 475000),
(282, 98, 4, 1, 450000, 450000),
(283, 98, 21, 1, 400000, 400000),
(284, 99, 1, 1, 475000, 475000),
(285, 100, 3, 1, 575000, 575000),
(286, 100, 12, 2, 475000, 950000),
(287, 100, 16, 1, 525000, 525000),
(288, 100, 14, 1, 675000, 675000),
(289, 101, 3, 1, 575000, 575000),
(290, 101, 7, 1, 450000, 450000),
(291, 101, 5, 1, 670000, 670000),
(292, 101, 18, 2, 675000, 1350000),
(293, 101, 19, 1, 675000, 675000),
(294, 102, 25, 3, 650000, 1950000),
(295, 102, 16, 2, 525000, 1050000),
(296, 103, 21, 1, 400000, 400000),
(297, 104, 8, 1, 450000, 450000),
(298, 104, 9, 1, 450000, 450000),
(299, 104, 21, 1, 400000, 400000),
(300, 104, 20, 1, 600000, 600000),
(301, 105, 18, 1, 675000, 675000),
(302, 105, 20, 1, 600000, 600000),
(303, 105, 22, 1, 450000, 450000),
(304, 105, 24, 1, 525000, 525000),
(305, 106, 2, 1, 450000, 450000),
(306, 106, 5, 3, 670000, 2010000),
(307, 106, 18, 2, 675000, 1350000),
(308, 106, 19, 3, 675000, 2025000),
(309, 107, 6, 1, 450000, 450000),
(310, 107, 11, 1, 350000, 350000),
(311, 107, 18, 1, 675000, 675000),
(312, 107, 19, 1, 675000, 675000),
(313, 108, 4, 1, 450000, 450000),
(314, 108, 24, 1, 525000, 525000),
(315, 109, 11, 1, 350000, 350000),
(316, 109, 12, 1, 475000, 475000),
(317, 110, 2, 1, 450000, 450000),
(318, 110, 11, 1, 350000, 350000),
(319, 110, 14, 1, 675000, 675000),
(320, 110, 25, 1, 650000, 650000),
(321, 111, 16, 1, 525000, 525000),
(322, 111, 21, 1, 400000, 400000),
(323, 112, 3, 1, 575000, 575000),
(324, 112, 16, 2, 525000, 1050000),
(325, 113, 1, 1, 475000, 475000),
(326, 113, 14, 2, 675000, 1350000),
(327, 113, 5, 1, 670000, 670000),
(328, 114, 3, 1, 575000, 575000),
(329, 114, 4, 1, 450000, 450000),
(330, 114, 6, 1, 450000, 450000),
(331, 114, 8, 1, 450000, 450000),
(332, 114, 10, 1, 500000, 500000),
(333, 115, 11, 1, 350000, 350000),
(334, 115, 1, 1, 475000, 475000),
(335, 115, 14, 1, 675000, 675000),
(336, 115, 5, 2, 670000, 1340000),
(337, 116, 1, 1, 475000, 475000),
(338, 116, 16, 1, 525000, 525000),
(339, 116, 18, 1, 675000, 675000),
(340, 116, 23, 1, 375000, 375000),
(341, 116, 24, 1, 525000, 525000),
(342, 116, 25, 1, 650000, 650000),
(343, 116, 3, 1, 575000, 575000),
(344, 117, 3, 1, 575000, 575000),
(345, 117, 9, 1, 450000, 450000),
(346, 117, 14, 1, 675000, 675000),
(347, 117, 20, 1, 600000, 600000),
(348, 117, 1, 1, 475000, 475000),
(349, 118, 10, 1, 500000, 500000),
(350, 118, 17, 1, 300000, 300000),
(351, 118, 20, 2, 600000, 1200000),
(352, 118, 24, 1, 525000, 525000),
(353, 118, 25, 1, 650000, 650000),
(354, 119, 2, 1, 450000, 450000),
(355, 119, 12, 1, 475000, 475000),
(356, 119, 16, 1, 525000, 525000),
(357, 120, 19, 1, 675000, 675000),
(358, 120, 9, 1, 450000, 450000),
(359, 120, 24, 1, 525000, 525000),
(360, 121, 26, 1, 375000, 375000),
(361, 122, 24, 1, 525000, 525000),
(362, 122, 26, 1, 375000, 375000),
(363, 123, 4, 1, 450000, 450000),
(364, 123, 16, 1, 525000, 525000),
(365, 124, 3, 1, 575000, 575000),
(366, 124, 19, 1, 675000, 675000),
(367, 125, 6, 1, 450000, 450000),
(368, 125, 14, 1, 675000, 675000),
(369, 125, 16, 1, 525000, 525000),
(370, 125, 18, 1, 675000, 675000),
(371, 125, 20, 1, 600000, 600000),
(372, 125, 22, 1, 450000, 450000),
(373, 126, 20, 1, 600000, 600000),
(374, 127, 16, 1, 525000, 525000),
(375, 127, 19, 1, 675000, 675000),
(376, 127, 20, 1, 600000, 600000),
(377, 127, 22, 1, 450000, 450000),
(378, 127, 24, 1, 525000, 525000),
(379, 127, 25, 1, 650000, 650000),
(380, 128, 5, 3, 670000, 2010000),
(381, 129, 11, 1, 350000, 350000),
(382, 129, 14, 3, 675000, 2025000),
(383, 129, 16, 1, 525000, 525000),
(384, 129, 25, 1, 650000, 650000),
(385, 129, 26, 1, 375000, 375000),
(386, 129, 5, 2, 670000, 1340000),
(387, 130, 9, 1, 450000, 450000),
(388, 130, 12, 1, 475000, 475000),
(389, 130, 16, 1, 525000, 525000),
(390, 130, 20, 1, 600000, 600000),
(391, 130, 21, 1, 400000, 400000),
(392, 131, 1, 1, 475000, 475000),
(393, 131, 3, 1, 575000, 575000),
(394, 131, 5, 1, 670000, 670000),
(395, 131, 14, 1, 675000, 675000),
(396, 131, 16, 1, 525000, 525000),
(397, 131, 17, 1, 300000, 300000),
(398, 132, 7, 1, 450000, 450000),
(399, 132, 20, 1, 600000, 600000),
(400, 132, 11, 1, 350000, 350000),
(401, 133, 8, 1, 450000, 450000),
(402, 133, 1, 1, 475000, 475000),
(403, 133, 3, 1, 575000, 575000),
(404, 133, 9, 1, 450000, 450000),
(405, 133, 14, 1, 675000, 675000),
(406, 134, 4, 1, 450000, 450000),
(407, 134, 8, 1, 450000, 450000),
(408, 134, 26, 1, 375000, 375000),
(409, 135, 13, 1, 375000, 375000),
(410, 136, 4, 1, 450000, 450000),
(411, 136, 6, 1, 450000, 450000),
(412, 136, 11, 1, 350000, 350000),
(413, 136, 17, 1, 300000, 300000),
(414, 136, 18, 1, 675000, 675000),
(415, 136, 23, 1, 375000, 375000),
(416, 136, 24, 1, 525000, 525000),
(417, 137, 2, 1, 450000, 450000),
(418, 137, 10, 1, 500000, 500000),
(419, 137, 11, 1, 350000, 350000),
(420, 138, 4, 1, 450000, 450000),
(421, 138, 15, 1, 450000, 450000),
(422, 138, 17, 1, 300000, 300000),
(423, 139, 6, 1, 450000, 450000),
(424, 139, 15, 1, 450000, 450000),
(425, 139, 24, 1, 525000, 525000),
(426, 139, 26, 1, 375000, 375000),
(427, 140, 1, 1, 475000, 475000),
(428, 140, 19, 1, 675000, 675000),
(429, 141, 9, 1, 450000, 450000),
(430, 141, 12, 1, 475000, 475000),
(431, 141, 16, 1, 525000, 525000),
(432, 141, 23, 1, 375000, 375000),
(433, 142, 2, 1, 450000, 450000),
(434, 142, 7, 1, 450000, 450000),
(435, 142, 24, 1, 525000, 525000),
(436, 143, 6, 1, 450000, 450000),
(437, 144, 14, 1, 675000, 675000),
(438, 145, 3, 1, 575000, 575000),
(439, 145, 7, 1, 450000, 450000),
(440, 146, 17, 1, 300000, 300000),
(441, 147, 11, 1, 350000, 350000),
(442, 147, 12, 1, 475000, 475000),
(443, 147, 13, 1, 375000, 375000),
(444, 148, 13, 1, 375000, 375000),
(445, 149, 13, 1, 375000, 375000),
(446, 149, 18, 1, 675000, 675000),
(447, 149, 19, 1, 675000, 675000),
(448, 150, 7, 1, 450000, 450000),
(449, 150, 19, 1, 675000, 675000),
(450, 151, 19, 1, 675000, 675000),
(451, 151, 20, 1, 600000, 600000),
(452, 151, 24, 1, 525000, 525000),
(453, 152, 14, 1, 675000, 675000),
(454, 152, 16, 1, 525000, 525000),
(455, 153, 8, 1, 450000, 450000),
(456, 154, 14, 1, 675000, 675000),
(457, 155, 4, 1, 450000, 450000),
(458, 155, 15, 1, 450000, 450000),
(459, 155, 16, 1, 525000, 525000),
(460, 156, 3, 1, 575000, 575000),
(461, 157, 18, 1, 675000, 675000),
(462, 158, 4, 1, 450000, 450000),
(463, 158, 7, 1, 450000, 450000),
(464, 159, 12, 1, 475000, 475000),
(465, 160, 8, 1, 450000, 450000),
(466, 161, 21, 1, 400000, 400000),
(467, 162, 17, 1, 300000, 300000),
(468, 163, 10, 1, 500000, 500000),
(469, 163, 12, 1, 475000, 475000),
(470, 163, 21, 1, 400000, 400000),
(471, 164, 2, 1, 450000, 450000),
(472, 165, 14, 1, 675000, 675000),
(473, 166, 1, 1, 475000, 475000),
(474, 167, 20, 1, 600000, 600000),
(475, 168, 1, 1, 475000, 475000),
(476, 168, 2, 1, 450000, 450000),
(477, 169, 1, 1, 475000, 475000),
(478, 169, 3, 1, 575000, 575000),
(479, 169, 5, 1, 670000, 670000),
(480, 169, 12, 1, 475000, 475000),
(481, 169, 14, 1, 675000, 675000),
(482, 170, 9, 1, 450000, 450000),
(483, 170, 11, 1, 350000, 350000),
(484, 170, 13, 1, 375000, 375000),
(485, 170, 18, 1, 675000, 675000),
(486, 171, 1, 1, 475000, 475000),
(487, 171, 4, 1, 450000, 450000),
(488, 171, 13, 1, 375000, 375000),
(489, 172, 6, 1, 450000, 450000),
(490, 172, 11, 1, 350000, 350000),
(491, 172, 12, 1, 475000, 475000),
(492, 172, 24, 1, 525000, 525000),
(493, 172, 26, 1, 375000, 375000),
(494, 173, 6, 1, 450000, 450000),
(495, 174, 1, 1, 475000, 475000),
(496, 175, 10, 1, 500000, 500000),
(497, 176, 14, 1, 675000, 675000),
(498, 177, 25, 1, 650000, 650000),
(499, 178, 16, 1, 525000, 525000),
(500, 178, 18, 1, 675000, 675000),
(501, 179, 17, 1, 300000, 300000),
(502, 179, 19, 1, 675000, 675000),
(503, 180, 3, 1, 575000, 575000),
(504, 180, 12, 1, 475000, 475000),
(505, 180, 13, 1, 375000, 375000),
(506, 180, 17, 1, 300000, 300000),
(507, 181, 19, 1, 675000, 675000),
(508, 182, 3, 1, 575000, 575000),
(509, 182, 8, 1, 450000, 450000),
(510, 182, 22, 1, 450000, 450000),
(511, 183, 1, 1, 475000, 475000),
(512, 184, 24, 1, 525000, 525000),
(513, 184, 26, 1, 375000, 375000),
(514, 185, 13, 1, 375000, 375000),
(515, 185, 18, 1, 675000, 675000),
(516, 186, 18, 1, 675000, 675000),
(517, 187, 1, 1, 475000, 475000),
(518, 187, 2, 1, 450000, 450000),
(519, 187, 3, 1, 575000, 575000),
(520, 188, 13, 1, 375000, 375000),
(521, 189, 1, 1, 475000, 475000),
(522, 189, 4, 1, 450000, 450000),
(523, 190, 24, 1, 525000, 525000),
(524, 191, 2, 1, 450000, 450000),
(525, 191, 6, 1, 450000, 450000),
(526, 192, 14, 1, 675000, 675000),
(527, 192, 15, 1, 450000, 450000),
(528, 192, 16, 1, 525000, 525000),
(529, 193, 16, 1, 525000, 525000),
(530, 194, 14, 1, 675000, 675000),
(531, 195, 12, 1, 475000, 475000),
(532, 196, 20, 1, 600000, 600000),
(533, 196, 24, 1, 525000, 525000),
(534, 197, 9, 1, 450000, 450000),
(535, 197, 11, 1, 350000, 350000),
(536, 197, 19, 1, 675000, 675000),
(537, 197, 20, 1, 600000, 600000),
(538, 198, 1, 1, 475000, 475000),
(539, 198, 23, 1, 375000, 375000),
(540, 199, 3, 1, 575000, 575000),
(541, 200, 2, 1, 450000, 450000),
(542, 201, 16, 1, 525000, 525000),
(543, 201, 23, 1, 375000, 375000),
(544, 202, 2, 1, 450000, 450000),
(545, 203, 2, 1, 450000, 450000),
(546, 203, 19, 1, 675000, 675000),
(547, 203, 22, 1, 450000, 450000),
(548, 203, 26, 1, 375000, 375000),
(549, 204, 6, 1, 450000, 450000),
(550, 204, 18, 1, 675000, 675000),
(551, 205, 22, 1, 450000, 450000),
(552, 205, 23, 1, 375000, 375000),
(553, 206, 16, 1, 525000, 525000),
(554, 207, 9, 1, 450000, 450000),
(555, 207, 18, 1, 675000, 675000),
(556, 207, 20, 1, 600000, 600000),
(557, 208, 18, 1, 675000, 675000),
(558, 208, 21, 1, 400000, 400000),
(559, 209, 8, 1, 450000, 450000),
(560, 209, 15, 1, 450000, 450000),
(561, 209, 22, 1, 450000, 450000),
(562, 210, 20, 1, 600000, 600000),
(563, 211, 18, 1, 675000, 675000),
(564, 212, 3, 1, 575000, 575000),
(565, 212, 12, 1, 475000, 475000),
(566, 212, 17, 1, 300000, 300000),
(567, 212, 22, 1, 450000, 450000),
(568, 212, 23, 1, 375000, 375000),
(569, 213, 9, 1, 450000, 450000),
(570, 213, 12, 1, 475000, 475000),
(571, 213, 25, 1, 650000, 650000),
(572, 214, 20, 1, 600000, 600000),
(573, 214, 25, 1, 650000, 650000),
(574, 215, 8, 1, 450000, 450000),
(575, 216, 4, 1, 450000, 450000),
(576, 217, 4, 1, 450000, 450000),
(577, 217, 11, 1, 350000, 350000),
(578, 217, 18, 1, 675000, 675000),
(579, 217, 25, 1, 650000, 650000),
(580, 218, 10, 1, 500000, 500000),
(581, 218, 12, 1, 475000, 475000),
(582, 218, 15, 1, 450000, 450000),
(583, 218, 16, 1, 525000, 525000),
(584, 219, 10, 1, 500000, 500000),
(585, 220, 15, 1, 450000, 450000),
(586, 220, 20, 1, 600000, 600000),
(587, 221, 22, 1, 450000, 450000),
(588, 222, 17, 1, 300000, 300000),
(589, 222, 20, 1, 600000, 600000),
(590, 222, 22, 1, 450000, 450000),
(591, 223, 10, 1, 500000, 500000),
(592, 224, 12, 1, 475000, 475000),
(593, 225, 8, 1, 450000, 450000),
(594, 225, 20, 1, 600000, 600000),
(595, 226, 3, 1, 575000, 575000),
(596, 226, 4, 1, 450000, 450000),
(597, 226, 5, 1, 670000, 670000),
(598, 227, 1, 1, 475000, 475000),
(599, 227, 4, 1, 450000, 450000),
(600, 227, 5, 1, 670000, 670000),
(601, 227, 9, 1, 450000, 450000),
(602, 227, 12, 1, 475000, 475000),
(603, 228, 14, 1, 675000, 675000),
(604, 229, 1, 1, 475000, 475000),
(605, 229, 3, 1, 575000, 575000),
(606, 229, 5, 1, 670000, 670000),
(607, 229, 11, 1, 350000, 350000),
(608, 230, 7, 1, 450000, 450000),
(609, 230, 25, 1, 650000, 650000),
(610, 231, 13, 1, 375000, 375000),
(611, 231, 20, 1, 600000, 600000),
(612, 232, 2, 1, 450000, 450000),
(613, 232, 16, 1, 525000, 525000),
(614, 233, 6, 1, 450000, 450000),
(615, 234, 15, 1, 450000, 450000),
(616, 235, 14, 1, 675000, 675000),
(617, 236, 4, 1, 450000, 450000),
(618, 237, 24, 1, 525000, 525000),
(619, 238, 17, 1, 300000, 300000),
(620, 238, 20, 1, 600000, 600000),
(621, 238, 25, 1, 650000, 650000),
(622, 239, 20, 1, 600000, 600000),
(623, 240, 11, 1, 350000, 350000),
(624, 240, 15, 1, 450000, 450000),
(625, 241, 1, 1, 475000, 475000),
(626, 241, 16, 1, 525000, 525000),
(627, 241, 18, 1, 675000, 675000),
(628, 241, 19, 1, 675000, 675000),
(629, 242, 2, 1, 450000, 450000),
(630, 243, 8, 1, 450000, 450000),
(631, 243, 14, 1, 675000, 675000),
(632, 243, 19, 1, 675000, 675000),
(633, 243, 22, 1, 450000, 450000),
(634, 244, 4, 1, 450000, 450000),
(635, 244, 8, 1, 450000, 450000),
(636, 245, 3, 1, 575000, 575000),
(637, 246, 16, 1, 525000, 525000),
(638, 247, 2, 1, 450000, 450000),
(639, 247, 20, 1, 600000, 600000),
(640, 248, 5, 1, 670000, 670000),
(641, 248, 16, 1, 525000, 525000),
(642, 249, 13, 1, 375000, 375000),
(643, 249, 20, 1, 600000, 600000),
(644, 250, 8, 1, 450000, 450000),
(645, 250, 15, 1, 450000, 450000),
(646, 251, 5, 1, 670000, 670000),
(647, 251, 20, 1, 600000, 600000),
(648, 252, 1, 1, 475000, 475000),
(649, 253, 12, 1, 475000, 475000),
(650, 254, 11, 1, 350000, 350000),
(651, 255, 1, 1, 475000, 475000),
(652, 255, 3, 1, 575000, 575000),
(653, 255, 4, 1, 450000, 450000),
(654, 256, 26, 1, 375000, 375000),
(655, 257, 1, 1, 475000, 475000),
(656, 257, 4, 1, 450000, 450000),
(657, 258, 18, 1, 675000, 675000),
(658, 258, 22, 1, 450000, 450000),
(659, 259, 26, 1, 375000, 375000),
(660, 260, 2, 1, 450000, 450000),
(661, 261, 6, 1, 450000, 450000),
(662, 261, 11, 1, 350000, 350000),
(663, 262, 10, 1, 500000, 500000),
(664, 262, 14, 1, 675000, 675000),
(665, 262, 16, 1, 525000, 525000),
(666, 262, 21, 1, 400000, 400000),
(667, 263, 4, 1, 450000, 450000),
(668, 264, 16, 1, 525000, 525000),
(669, 265, 3, 1, 575000, 575000),
(670, 265, 5, 1, 670000, 670000),
(671, 265, 15, 1, 450000, 450000),
(672, 266, 5, 1, 670000, 670000),
(673, 266, 16, 1, 525000, 525000),
(674, 267, 2, 1, 450000, 450000),
(675, 267, 22, 1, 450000, 450000),
(676, 267, 26, 1, 375000, 375000),
(677, 268, 9, 1, 450000, 450000),
(678, 269, 1, 1, 475000, 475000),
(679, 269, 2, 1, 450000, 450000),
(680, 270, 9, 1, 450000, 450000),
(681, 271, 2, 1, 450000, 450000),
(682, 271, 11, 1, 350000, 350000),
(683, 272, 5, 1, 670000, 670000),
(684, 272, 12, 1, 475000, 475000),
(685, 273, 26, 1, 375000, 375000),
(686, 274, 10, 1, 500000, 500000),
(687, 275, 15, 1, 450000, 450000),
(688, 275, 18, 1, 675000, 675000),
(689, 276, 23, 1, 375000, 375000),
(690, 277, 7, 1, 450000, 450000),
(691, 278, 13, 1, 375000, 375000),
(692, 278, 15, 1, 450000, 450000),
(693, 278, 16, 1, 525000, 525000),
(694, 279, 12, 1, 475000, 475000),
(695, 279, 14, 1, 675000, 675000),
(696, 279, 13, 1, 375000, 375000),
(697, 279, 21, 1, 400000, 400000),
(698, 279, 26, 1, 375000, 375000),
(699, 280, 1, 1, 475000, 475000),
(700, 280, 14, 1, 675000, 675000),
(701, 280, 21, 1, 400000, 400000),
(702, 281, 4, 1, 450000, 450000),
(703, 281, 10, 1, 500000, 500000),
(704, 281, 11, 1, 350000, 350000),
(705, 281, 14, 1, 675000, 675000),
(706, 282, 14, 1, 675000, 675000),
(707, 283, 4, 1, 450000, 450000),
(708, 283, 5, 1, 670000, 670000),
(709, 283, 12, 1, 475000, 475000),
(710, 283, 13, 1, 375000, 375000),
(711, 283, 26, 1, 375000, 375000),
(712, 284, 18, 1, 675000, 675000),
(713, 284, 20, 1, 600000, 600000),
(714, 285, 26, 1, 375000, 375000),
(715, 286, 5, 1, 670000, 670000),
(716, 287, 24, 1, 525000, 525000),
(717, 287, 25, 1, 650000, 650000),
(718, 288, 2, 1, 450000, 450000),
(719, 288, 7, 1, 450000, 450000),
(720, 288, 24, 1, 525000, 525000),
(721, 289, 2, 1, 450000, 450000),
(722, 290, 23, 1, 375000, 375000),
(723, 291, 2, 1, 450000, 450000),
(724, 292, 18, 1, 675000, 675000),
(725, 293, 19, 1, 675000, 675000),
(726, 294, 10, 1, 500000, 500000),
(727, 294, 13, 1, 375000, 375000),
(728, 295, 13, 1, 375000, 375000),
(729, 295, 14, 1, 675000, 675000),
(730, 296, 25, 1, 650000, 650000),
(731, 297, 26, 1, 375000, 375000),
(732, 298, 19, 1, 675000, 675000),
(733, 299, 1, 1, 475000, 475000),
(734, 299, 8, 1, 450000, 450000),
(735, 299, 19, 1, 675000, 675000),
(736, 300, 15, 1, 450000, 450000),
(737, 300, 18, 1, 675000, 675000),
(738, 300, 21, 1, 400000, 400000),
(739, 301, 1, 1, 475000, 475000),
(740, 301, 6, 1, 450000, 450000),
(741, 302, 20, 1, 600000, 600000),
(742, 303, 7, 1, 450000, 450000),
(743, 303, 18, 1, 675000, 675000),
(744, 303, 19, 1, 675000, 675000),
(745, 304, 13, 1, 375000, 375000),
(746, 305, 1, 1, 475000, 475000),
(747, 305, 2, 1, 450000, 450000),
(748, 305, 6, 1, 450000, 450000),
(749, 306, 18, 1, 675000, 675000),
(750, 306, 20, 1, 600000, 600000),
(751, 306, 22, 1, 450000, 450000),
(752, 306, 26, 1, 375000, 375000),
(753, 307, 17, 1, 300000, 300000),
(754, 308, 2, 1, 450000, 450000),
(755, 308, 6, 1, 450000, 450000),
(756, 309, 15, 1, 450000, 450000),
(757, 310, 26, 1, 375000, 375000),
(758, 311, 4, 1, 450000, 450000),
(759, 311, 5, 1, 670000, 670000),
(760, 312, 7, 1, 450000, 450000),
(761, 313, 6, 1, 450000, 450000),
(762, 313, 15, 1, 450000, 450000),
(763, 314, 11, 1, 350000, 350000),
(764, 315, 12, 1, 475000, 475000),
(765, 315, 17, 1, 300000, 300000),
(766, 316, 4, 1, 450000, 450000),
(767, 316, 19, 1, 675000, 675000),
(768, 317, 24, 1, 525000, 525000),
(769, 318, 20, 1, 600000, 600000),
(770, 318, 24, 1, 525000, 525000),
(771, 319, 1, 1, 475000, 475000),
(772, 319, 14, 1, 675000, 675000),
(773, 320, 26, 1, 375000, 375000),
(774, 321, 15, 1, 450000, 450000),
(775, 321, 16, 1, 525000, 525000),
(776, 321, 21, 1, 400000, 400000),
(777, 322, 12, 1, 475000, 475000),
(778, 322, 14, 1, 675000, 675000),
(779, 322, 13, 1, 375000, 375000),
(780, 323, 6, 1, 450000, 450000),
(781, 323, 18, 1, 675000, 675000),
(782, 324, 13, 1, 375000, 375000),
(783, 325, 6, 1, 450000, 450000),
(784, 326, 16, 1, 525000, 525000),
(785, 327, 2, 1, 450000, 450000),
(786, 327, 18, 1, 675000, 675000),
(787, 328, 18, 1, 675000, 675000),
(788, 329, 12, 1, 475000, 475000),
(789, 329, 19, 1, 675000, 675000),
(790, 329, 25, 1, 650000, 650000),
(791, 330, 12, 1, 475000, 475000),
(792, 330, 15, 1, 450000, 450000),
(793, 331, 7, 1, 450000, 450000),
(794, 331, 14, 1, 675000, 675000),
(795, 332, 5, 1, 670000, 670000),
(796, 333, 3, 1, 575000, 575000),
(797, 333, 26, 1, 375000, 375000),
(798, 334, 25, 1, 650000, 650000),
(799, 335, 22, 1, 450000, 450000),
(800, 336, 15, 1, 450000, 450000),
(801, 337, 9, 1, 450000, 450000),
(802, 337, 22, 1, 450000, 450000),
(803, 338, 5, 1, 670000, 670000),
(804, 338, 8, 1, 450000, 450000),
(805, 338, 18, 1, 675000, 675000),
(806, 338, 20, 1, 600000, 600000),
(807, 339, 8, 1, 450000, 450000),
(808, 339, 9, 1, 450000, 450000),
(809, 339, 11, 1, 350000, 350000),
(810, 340, 23, 1, 375000, 375000),
(811, 341, 2, 1, 450000, 450000),
(812, 341, 3, 1, 575000, 575000),
(813, 341, 23, 1, 375000, 375000),
(814, 342, 3, 1, 575000, 575000),
(815, 342, 23, 1, 375000, 375000),
(816, 343, 24, 1, 525000, 525000),
(817, 344, 11, 1, 350000, 350000),
(818, 345, 20, 1, 600000, 600000),
(819, 346, 4, 1, 450000, 450000),
(820, 346, 5, 1, 670000, 670000),
(821, 346, 19, 1, 675000, 675000),
(822, 347, 4, 1, 450000, 450000),
(823, 347, 18, 1, 675000, 675000),
(824, 348, 5, 1, 670000, 670000),
(825, 348, 18, 1, 675000, 675000),
(826, 348, 19, 1, 675000, 675000),
(827, 348, 20, 1, 600000, 600000),
(828, 349, 5, 1, 670000, 670000),
(829, 349, 26, 1, 375000, 375000),
(830, 350, 15, 1, 450000, 450000),
(831, 351, 19, 1, 675000, 675000),
(832, 351, 23, 1, 375000, 375000),
(833, 352, 25, 1, 650000, 650000),
(834, 353, 6, 1, 450000, 450000),
(835, 353, 18, 1, 675000, 675000),
(836, 353, 23, 1, 375000, 375000),
(837, 354, 1, 1, 475000, 475000),
(838, 354, 3, 1, 575000, 575000),
(839, 354, 5, 1, 670000, 670000),
(840, 354, 7, 1, 450000, 450000),
(841, 354, 9, 1, 450000, 450000),
(842, 355, 6, 1, 450000, 450000),
(843, 355, 14, 1, 675000, 675000),
(844, 356, 8, 1, 450000, 450000),
(845, 356, 12, 1, 475000, 475000),
(846, 357, 17, 1, 300000, 300000),
(847, 358, 18, 1, 675000, 675000),
(848, 359, 15, 1, 450000, 450000),
(849, 359, 24, 1, 525000, 525000),
(850, 360, 19, 1, 675000, 675000),
(851, 361, 9, 1, 450000, 450000),
(852, 362, 19, 1, 675000, 675000),
(853, 363, 17, 1, 300000, 300000),
(854, 364, 10, 1, 500000, 500000),
(855, 365, 5, 1, 670000, 670000),
(856, 366, 3, 1, 575000, 575000),
(857, 367, 1, 1, 475000, 475000),
(858, 367, 5, 1, 670000, 670000),
(859, 368, 1, 1, 475000, 475000),
(860, 368, 4, 1, 450000, 450000),
(861, 368, 8, 1, 450000, 450000),
(862, 368, 12, 1, 475000, 475000),
(863, 369, 2, 1, 450000, 450000),
(864, 369, 6, 1, 450000, 450000),
(865, 369, 12, 1, 475000, 475000),
(866, 369, 14, 1, 675000, 675000),
(867, 369, 17, 1, 300000, 300000),
(868, 369, 21, 1, 400000, 400000),
(869, 369, 23, 1, 375000, 375000),
(870, 369, 25, 1, 650000, 650000),
(871, 370, 3, 1, 575000, 575000),
(872, 370, 13, 1, 375000, 375000),
(873, 370, 16, 1, 525000, 525000),
(874, 370, 25, 1, 650000, 650000),
(875, 371, 10, 1, 500000, 500000),
(876, 371, 13, 1, 375000, 375000),
(877, 371, 16, 1, 525000, 525000),
(878, 371, 19, 1, 675000, 675000),
(879, 371, 20, 1, 600000, 600000),
(880, 372, 5, 1, 670000, 670000),
(881, 372, 22, 1, 450000, 450000),
(882, 372, 25, 1, 650000, 650000),
(883, 373, 5, 1, 670000, 670000),
(884, 373, 6, 1, 450000, 450000),
(885, 373, 9, 1, 450000, 450000),
(886, 373, 12, 1, 475000, 475000),
(887, 374, 11, 1, 350000, 350000),
(888, 374, 16, 1, 525000, 525000),
(889, 374, 20, 1, 600000, 600000),
(890, 374, 24, 1, 525000, 525000),
(891, 375, 6, 1, 450000, 450000),
(892, 376, 18, 1, 675000, 675000),
(893, 376, 19, 1, 675000, 675000),
(894, 376, 26, 1, 375000, 375000),
(895, 377, 5, 1, 670000, 670000),
(896, 377, 9, 1, 450000, 450000),
(897, 378, 9, 1, 450000, 450000),
(898, 378, 23, 1, 375000, 375000),
(899, 378, 24, 1, 525000, 525000),
(900, 379, 11, 1, 350000, 350000),
(901, 380, 4, 1, 450000, 450000),
(902, 380, 16, 1, 525000, 525000),
(903, 380, 18, 1, 675000, 675000),
(904, 381, 7, 1, 450000, 450000),
(905, 381, 16, 1, 525000, 525000),
(906, 381, 23, 1, 375000, 375000),
(907, 382, 18, 1, 675000, 675000),
(908, 382, 19, 1, 675000, 675000),
(909, 382, 20, 1, 600000, 600000),
(910, 383, 1, 1, 475000, 475000),
(911, 383, 11, 1, 350000, 350000),
(912, 384, 10, 1, 500000, 500000),
(913, 385, 8, 1, 450000, 450000),
(914, 386, 16, 1, 525000, 525000),
(915, 387, 13, 1, 375000, 375000),
(916, 387, 16, 1, 525000, 525000),
(917, 388, 7, 1, 450000, 450000),
(918, 388, 10, 1, 500000, 500000),
(919, 388, 15, 1, 450000, 450000),
(920, 388, 23, 1, 375000, 375000),
(921, 389, 1, 1, 475000, 475000),
(922, 389, 4, 1, 450000, 450000),
(923, 389, 14, 1, 675000, 675000),
(924, 390, 1, 1, 475000, 475000),
(925, 390, 8, 1, 450000, 450000),
(926, 390, 14, 1, 675000, 675000),
(927, 390, 19, 1, 675000, 675000),
(928, 390, 20, 1, 600000, 600000),
(929, 390, 26, 1, 375000, 375000),
(930, 391, 9, 1, 450000, 450000),
(931, 392, 23, 1, 375000, 375000),
(932, 392, 24, 1, 525000, 525000),
(933, 393, 24, 1, 525000, 525000),
(934, 393, 25, 1, 650000, 650000),
(935, 394, 26, 1, 375000, 375000),
(936, 395, 1, 1, 475000, 475000),
(937, 395, 2, 1, 450000, 450000),
(938, 395, 6, 1, 450000, 450000),
(939, 395, 7, 1, 450000, 450000),
(940, 395, 10, 1, 500000, 500000),
(941, 395, 12, 1, 475000, 475000),
(942, 395, 14, 1, 675000, 675000),
(943, 395, 19, 1, 675000, 675000),
(944, 395, 22, 1, 450000, 450000),
(945, 395, 24, 1, 525000, 525000),
(946, 395, 25, 1, 650000, 650000),
(947, 395, 26, 1, 375000, 375000),
(948, 396, 11, 1, 350000, 350000),
(949, 397, 1, 1, 475000, 475000),
(950, 397, 3, 1, 575000, 575000),
(951, 397, 4, 1, 450000, 450000),
(952, 397, 5, 1, 670000, 670000),
(953, 397, 10, 1, 500000, 500000),
(954, 397, 11, 1, 350000, 350000),
(955, 397, 12, 1, 475000, 475000),
(956, 397, 13, 1, 375000, 375000),
(957, 397, 14, 1, 675000, 675000),
(958, 397, 16, 1, 525000, 525000),
(959, 397, 15, 1, 450000, 450000),
(960, 397, 18, 1, 675000, 675000),
(961, 397, 19, 1, 675000, 675000),
(962, 397, 20, 1, 600000, 600000),
(963, 397, 22, 1, 450000, 450000),
(964, 398, 5, 1, 670000, 670000),
(965, 398, 8, 1, 450000, 450000),
(966, 398, 12, 1, 475000, 475000),
(967, 398, 15, 1, 450000, 450000),
(968, 399, 1, 1, 475000, 475000),
(969, 400, 1, 1, 475000, 475000),
(970, 400, 6, 1, 450000, 450000),
(971, 400, 14, 1, 675000, 675000),
(972, 401, 1, 1, 475000, 475000),
(973, 401, 2, 1, 450000, 450000),
(974, 401, 5, 1, 670000, 670000),
(975, 401, 8, 1, 450000, 450000),
(976, 401, 10, 1, 500000, 500000),
(977, 401, 18, 1, 675000, 675000),
(978, 401, 19, 1, 675000, 675000),
(979, 401, 24, 1, 525000, 525000);

-- --------------------------------------------------------

--
-- Table structure for table `hasil_rfm`
--

CREATE TABLE `hasil_rfm` (
  `id_hasil` int(5) NOT NULL,
  `id_proses` int(3) NOT NULL,
  `id_member` int(3) NOT NULL,
  `c11` float NOT NULL,
  `c21` float NOT NULL,
  `hasil1` varchar(3) NOT NULL,
  `c12` float NOT NULL,
  `c22` float NOT NULL,
  `hasil2` varchar(3) NOT NULL
) ENGINE=InnoDB DEFAULT CHARSET=latin1;

--
-- Dumping data for table `hasil_rfm`
--

INSERT INTO `hasil_rfm` (`id_hasil`, `id_proses`, `id_member`, `c11`, `c21`, `hasil1`, `c12`, `c22`, `hasil2`) VALUES
(41, 3, 1, 1.73, 4.69, '1', 1.5, 4.22, '1'),
(42, 3, 2, 1.41, 3.61, '1', 0.99, 2.97, '1'),
(43, 3, 3, 1.73, 3.16, '1', 1.4, 2.42, '1'),
(44, 3, 4, 2.24, 2, '0', 2.31, 1.2, '0'),
(45, 3, 5, 2.24, 2, '0', 2.31, 1.2, '0'),
(46, 3, 6, 1, 3.74, '1', 0.34, 3.14, '1'),
(47, 3, 7, 2.45, 3, '1', 2.23, 2.24, '1'),
(48, 3, 8, 1.41, 1.73, '1', 1.35, 1.43, '1'),
(49, 3, 9, 1, 3.74, '1', 0.34, 3.14, '1'),
(50, 3, 10, 2.45, 5.39, '1', 2.29, 4.98, '1'),
(51, 3, 11, 1.73, 3.16, '1', 1.4, 2.42, '1'),
(52, 3, 12, 2.45, 1, '0', 2.77, 0.2, '0'),
(53, 3, 13, 3, 0, '0', 3.46, 0.8, '0'),
(54, 3, 14, 1, 3.74, '1', 0.34, 3.14, '1'),
(55, 3, 15, 1.41, 2.24, '1', 1.52, 1.56, '1'),
(56, 3, 16, 1.41, 4.36, '1', 1.06, 3.85, '1'),
(57, 3, 17, 0, 3, '1', 0.67, 2.54, '1'),
(58, 3, 18, 3.74, 1, '0', 4.28, 1.8, '0'),
(59, 3, 19, 0, 3, '1', 0.67, 2.54, '1'),
(60, 3, 20, 3, 5.83, '1', 2.9, 5.46, '1'),
(61, 4, 21, 1.41, 3.32, '1', 0.73, 2.87, '1'),
(62, 4, 22, 0, 3, '1', 0.92, 2.69, '1'),
(63, 4, 23, 1.73, 4.69, '1', 1.55, 4.39, '1'),
(64, 4, 24, 3, 5.83, '1', 2.92, 5.59, '1'),
(65, 4, 25, 1, 3.74, '1', 0.48, 3.35, '1'),
(66, 4, 26, 2.24, 2, '0', 2.23, 1.5, '0'),
(67, 4, 27, 1, 2.45, '1', 1.07, 2.06, '1'),
(68, 4, 28, 2.45, 5.2, '1', 2.2, 4.92, '1'),
(69, 4, 29, 1.41, 4.12, '1', 0.83, 3.77, '1'),
(70, 4, 30, 1, 3.74, '1', 0.48, 3.35, '1'),
(71, 4, 31, 2.45, 3, '1', 2.09, 2.5, '1'),
(72, 4, 32, 1.41, 4.12, '1', 0.83, 3.77, '1'),
(73, 4, 33, 1, 2.45, '1', 1.07, 2.06, '1'),
(74, 4, 34, 1.41, 4.12, '1', 0.83, 3.77, '1'),
(75, 4, 35, 3, 0, '0', 3.5, 0.5, '0'),
(76, 4, 36, 1, 2.45, '1', 1.07, 2.06, '1'),
(77, 4, 37, 1.41, 4.12, '1', 0.83, 3.77, '1'),
(78, 4, 38, 2.45, 3, '1', 2.09, 2.5, '1'),
(79, 4, 39, 1.41, 3.32, '1', 0.73, 2.87, '1'),
(80, 4, 40, 3.74, 6.4, '1', 3.61, 6.18, '1'),
(81, 4, 41, 0, 3, '1', 0.92, 2.69, '1'),
(82, 4, 42, 1.41, 3.32, '1', 0.73, 2.87, '1'),
(83, 4, 43, 1.41, 4.36, '1', 1.39, 4.03, '1'),
(84, 4, 44, 1.41, 3.32, '1', 0.73, 2.87, '1'),
(85, 4, 45, 3.74, 1, '0', 4.34, 1.5, '0'),
(86, 4, 46, 2.45, 3, '1', 2.09, 2.5, '1'),
(87, 4, 47, 1.41, 3.32, '1', 0.73, 2.87, '1'),
(88, 4, 48, 2.45, 1, '0', 2.76, 0.5, '0'),
(89, 4, 49, 1.73, 3.16, '1', 1.44, 2.69, '1'),
(90, 4, 50, 1.73, 3.16, '1', 1.44, 2.69, '1');

-- --------------------------------------------------------

--
-- Table structure for table `kalkulasi`
--

CREATE TABLE `kalkulasi` (
  `id` int(3) NOT NULL,
  `tanggal_kalkulasi` datetime NOT NULL,
  `periode_awal` date NOT NULL,
  `periode_akhir` date NOT NULL,
  `judul` varchar(100) NOT NULL,
  `status` varchar(25) NOT NULL
) ENGINE=InnoDB DEFAULT CHARSET=latin1;

--
-- Dumping data for table `kalkulasi`
--

INSERT INTO `kalkulasi` (`id`, `tanggal_kalkulasi`, `periode_awal`, `periode_akhir`, `judul`, `status`) VALUES
(3, '2020-09-02 00:00:00', '2020-01-01', '2020-06-30', 'Kalkulasi Periode Bulan Januari - Juni 2020', 'Sudah diproses'),
(4, '2020-09-11 00:00:00', '2019-07-01', '2019-12-31', 'Kalkulasi Periode Bulan Juli - Desember 2019', 'Sudah diproses');

-- --------------------------------------------------------

--
-- Table structure for table `kategori`
--

CREATE TABLE `kategori` (
  `id` int(2) NOT NULL,
  `kode_kacamata` varchar(2) NOT NULL,
  `merk_kacamata` varchar(255) NOT NULL,
  `harga` int(7) NOT NULL
) ENGINE=InnoDB DEFAULT CHARSET=latin1;

--
-- Dumping data for table `kategori`
--

INSERT INTO `kategori` (`id`, `kode_kacamata`, `merk_kacamata`, `harga`) VALUES
(1, 'A', 'CALVIN KLEIN', 475000),
(2, 'B', 'CHANNEL', 450000),
(3, 'C', 'EISH OMBRE HITAM', 575000),
(4, 'D', 'EMPORIO ARMANI', 450000),
(5, 'E', 'ESPIRIT HITAM', 670000),
(6, 'F', 'FOSSIL HITAM', 450000),
(7, 'G', 'GABBANA', 450000),
(8, 'H', 'GEOFF MAXX', 450000),
(9, 'I', 'GINOS OVAL HITAM', 450000),
(10, 'J', 'GIORDANO', 500000),
(11, 'K', 'GUCCI BLACK GOLD', 350000),
(12, 'L', 'GUESS HITAM', 475000),
(13, 'M', 'H dan M HITAM', 375000),
(14, 'N', 'LEECOPER OMBRE MERAH', 675000),
(15, 'O', 'LEVIS HITAM NAVY', 450000),
(16, 'P', 'MARC SILVER GOLD GLAZING', 525000),
(17, 'Q', 'NIKE HITAM LIS MERAH', 300000),
(18, 'R', 'OAKLEY HITAM', 675000),
(19, 'S', 'POLICE HITAM', 675000),
(20, 'T', 'PRAIRIE', 600000),
(21, 'U', 'PUMA GREY', 400000),
(22, 'V', 'QUICSILVER HITAM', 450000),
(23, 'W', 'RALTO BROWN', 375000),
(24, 'X', 'RAYBAN', 525000),
(25, 'Y', 'RODDENSTOCK', 650000),
(26, 'Z', 'VERSACE HITAM', 375000);

-- --------------------------------------------------------

--
-- Table structure for table `kriteria`
--

CREATE TABLE `kriteria` (
  `id` int(3) NOT NULL,
  `code` enum('R','F','M') NOT NULL,
  `batas_awal` int(9) NOT NULL,
  `batas_akhir` int(9) NOT NULL,
  `bobot` int(3) NOT NULL
) ENGINE=InnoDB DEFAULT CHARSET=latin1;

--
-- Dumping data for table `kriteria`
--

INSERT INTO `kriteria` (`id`, `code`, `batas_awal`, `batas_akhir`, `bobot`) VALUES
(1, 'R', 1, 43, 5),
(2, 'R', 44, 87, 4),
(3, 'R', 88, 130, 3),
(4, 'R', 131, 174, 2),
(5, 'R', 175, 1000, 1),
(6, 'F', 1, 5, 1),
(7, 'F', 6, 11, 2),
(8, 'F', 12, 17, 3),
(9, 'F', 18, 23, 4),
(10, 'F', 24, 1000, 5),
(11, 'M', 1, 5000000, 1),
(12, 'M', 5000001, 10000000, 2),
(13, 'M', 10000001, 15000000, 3),
(14, 'M', 15000001, 20000000, 4),
(15, 'M', 20000001, 100000000, 5);

-- --------------------------------------------------------

--
-- Table structure for table `member`
--

CREATE TABLE `member` (
  `id` int(5) NOT NULL,
  `no_member` varchar(10) NOT NULL,
  `nama` varchar(100) NOT NULL,
  `usia` varchar(2) NOT NULL,
  `alamat` text NOT NULL
) ENGINE=InnoDB DEFAULT CHARSET=latin1;

--
-- Dumping data for table `member`
--

INSERT INTO `member` (`id`, `no_member`, `nama`, `usia`, `alamat`) VALUES
(1, 'CSL001', 'Reyna Agustina', '28', '<p>\n	Cawang</p>\n'),
(2, 'CSL002', 'Muhammad Ramadhan', '30', '<p>\n	Pasar Minggu</p>\n'),
(3, 'CSL003', 'Panji Wijaya', '26', '<p>\n	Kayu Manis</p>\n'),
(4, 'CSL004', 'Mita Rahmawati', '23', '<p>\n	Depok</p>\n'),
(5, 'CSL005', 'Dinda Puti Zahrani', '23', '<p>\n	Salemba</p>\n'),
(6, 'CSL006', 'Mercy Sulisty', '25', '<p>\n	Matraman</p>\n'),
(7, 'CSL007', 'Priscilla ', '18', '<p>\n	Rawajati</p>\n'),
(8, 'CSL008', 'Widuri Novitasari', '24', '<p>\n	Tebet</p>\n'),
(9, 'CSL009', 'Kaila Putri', '20', '<p>\n	Warung Buncit</p>\n'),
(10, 'CSL010', 'Nathan Putra Wagino', '22', '<p>\n	Senen</p>\n'),
(11, 'CSL011', 'Puput Angelia', '21', '<p>\n	Pondok Gede</p>\n'),
(12, 'CSL012', 'Yulia warda', '20', '<p>\n	Cempaka Putih</p>\n'),
(13, 'CSL013', 'Suprapto', '24', '<p>\n	Kramat Jati</p>\n'),
(14, 'CSL014', 'Arya Pramudya', '34', '<p>\n	Bogor</p>\n'),
(15, 'CSL015', 'Hanif Jonathan', '27', '<p>\n	Ciputat</p>\n'),
(16, 'CSL016', 'Gavin Pratama', '30', '<p>\n	Pejaten Barat</p>\n'),
(17, 'CSL017', 'Camila Elyana ', '29', '<p>\n	Bojong</p>\n'),
(18, 'CSL018', 'Faeyza Eshal', '32', '<p>\n	Pancoran</p>\n'),
(19, 'CSL019', 'Zemira Viviana', '25', '<p>\n	Tanah Abang</p>\n'),
(20, 'CSL020', 'Parviz Anggara', '28', '<p>\n	Kemang</p>\n'),
(21, 'CSL021', 'Aisyah', '40', '<p>\n	Jatinegara</p>\n'),
(22, 'CSL022', 'Andhika Putra', '27', '<p>\n	Jati Waringin</p>\n'),
(23, 'CSL023', 'Anggita', '23', '<p>\n	Kramat Raya</p>\n'),
(24, 'CSL024', 'Anna Widyastuti', '30', '<p>\n	Pasar Rumput</p>\n'),
(25, 'CSL025', 'Antonio', '36', '<p>\n	Mampang Prapatan</p>\n'),
(26, 'CSL026', 'Apriliani', '28', '<p>\n	Pal Merah Jakarta Timur</p>\n'),
(27, 'CSL027', 'Atika Putri', '42', '<p>\n	Citayam</p>\n'),
(28, 'CSL028', 'Audrey Cantika', '40', '<p>\n	Jakarta</p>\n'),
(29, 'CSL029', 'Bianca Angela', '38', '<p>\n	Duren Sawit</p>\n'),
(30, 'CSL030', 'Bobby Hermawan', '19', '<p>\n	Metro Pondok Indah</p>\n'),
(31, 'CSL031', 'Deandri Purnomo', '22', '<p>\n	Cawang</p>\n'),
(32, 'CSL032', 'Dwi Andika', '35', '<p>\n	Pasar Rumput</p>\n'),
(33, 'CSL033', 'Eko Hardika', '51', '<p>\n	Tanjung Barat</p>\n'),
(34, 'CSL034', 'Erika Putri', '37', '<p>\n	Bogor</p>\n'),
(35, 'CSL035', 'Fenita', '45', '<p>\n	Senen</p>\n'),
(36, 'CSL036', 'Joko Santoso', '27', '<p>\n	Ciputat</p>\n'),
(37, 'CSL037', 'Kinan Alfa', '30', '<p>\n	kampung melayu</p>\n'),
(38, 'CSL038', 'Lanazira', '24', '<p>\n	Pancoran</p>\n'),
(39, 'CSL039', 'Lara Dian', '22', '<p>\n	matraman</p>\n'),
(40, 'CSL040', 'Rustam Mailan', '37', '<p>\n	Tebet</p>\n'),
(41, 'CSL041', 'Maulana', '25', '<p>\n	Pasar Minggu</p>\n'),
(42, 'CSL042', 'Muhammad Robby', '29', '<p>\n	Tanggerang</p>\n'),
(43, 'CSL043', 'Ria Kurnia', '35', '<p>\n	Lenteng Agung</p>\n'),
(44, 'CSL044', 'Sarah', '32', '<p>\n	Grogol</p>\n'),
(45, 'CSL045', 'Susanto Albatawi', '22', '<p>\n	Kelapa Gading</p>\n'),
(46, 'CSL046', 'Susiana Aray', '26', '<p>\n	Kemayoran&nbsp;</p>\n'),
(47, 'CSL047', 'Tina Diandra', '40', '<p>\n	Pulo Gadung</p>\n'),
(48, 'CSL048', 'Tuhu Manurung', '38', '<p>\n	Cempaka Putih</p>\n'),
(49, 'CSL049', 'Vivin', '23', '<p>\n	Pondok Kelapa</p>\n'),
(50, 'CSL050', 'Zahrani', '26', '<p>\n	Pinang Ranti</p>\n');

-- --------------------------------------------------------

--
-- Table structure for table `penjualan`
--

CREATE TABLE `penjualan` (
  `id` int(4) NOT NULL,
  `id_member` int(3) NOT NULL,
  `tanggal_transaksi` datetime NOT NULL,
  `kode_penjualan` varchar(15) NOT NULL,
  `total_harga` int(12) NOT NULL
) ENGINE=InnoDB DEFAULT CHARSET=latin1;

--
-- Dumping data for table `penjualan`
--

INSERT INTO `penjualan` (`id`, `id_member`, `tanggal_transaksi`, `kode_penjualan`, `total_harga`) VALUES
(7, 1, '2020-01-01 16:14:39', '1577891679', 3170000),
(8, 10, '2020-01-01 16:19:07', '1577891947', 1450000),
(9, 2, '2020-01-02 16:24:20', '1577978660', 4645000),
(10, 5, '2020-01-02 16:26:03', '1577978763', 2875000),
(11, 20, '2020-01-04 16:29:59', '1578151799', 1350000),
(12, 9, '2020-01-05 16:32:12', '1578238332', 1125000),
(13, 6, '2020-01-06 16:34:26', '1578324866', 1575000),
(14, 18, '2020-01-07 16:38:53', '1578411533', 1425000),
(15, 8, '2020-01-08 16:41:32', '1578498092', 2815000),
(16, 16, '2020-01-09 16:54:31', '1578585271', 2150000),
(17, 17, '2020-01-10 16:57:10', '1578671830', 2525000),
(18, 19, '2020-01-12 16:59:45', '1578844785', 3520000),
(19, 10, '2020-01-13 17:02:06', '1578931326', 300000),
(20, 12, '2020-01-16 17:03:27', '1579190607', 350000),
(21, 1, '2020-01-17 17:05:37', '1579277137', 2175000),
(22, 9, '2020-01-17 17:06:28', '1579277188', 675000),
(23, 20, '2020-01-19 17:08:03', '1579450083', 500000),
(24, 16, '2020-01-27 17:09:31', '1580141371', 600000),
(25, 9, '2020-01-29 17:12:17', '1580314337', 2150000),
(26, 19, '2020-01-29 17:13:06', '1580314386', 525000),
(27, 1, '2020-01-30 17:14:18', '1580400858', 475000),
(28, 8, '2020-01-31 17:16:44', '1580487404', 925000),
(29, 20, '2020-01-31 17:20:42', '1580487642', 2275000),
(31, 11, '2020-02-02 17:27:05', '1580660825', 5025000),
(32, 17, '2020-02-03 17:28:38', '1580747318', 1250000),
(33, 9, '2020-02-06 17:32:37', '1581006757', 3575000),
(34, 19, '2020-02-08 17:44:20', '1581180260', 1275000),
(35, 3, '2020-02-10 17:48:34', '1581353314', 5400000),
(36, 12, '2020-02-10 17:55:44', '1581353744', 2400000),
(37, 16, '2020-02-11 17:58:55', '1581440335', 1025000),
(38, 8, '2020-02-12 18:00:27', '1581526827', 450000),
(40, 20, '2020-02-13 18:05:15', '1581527115', 2050000),
(41, 6, '2020-02-14 18:09:49', '1581613789', 2300000),
(42, 10, '2020-02-18 18:12:51', '1581959571', 1775000),
(43, 1, '2020-02-19 18:15:42', '1582046142', 2600000),
(44, 20, '2020-02-20 18:19:22', '1582132762', 3150000),
(45, 2, '2020-02-21 18:23:46', '1582219426', 2700000),
(46, 9, '2020-02-22 18:28:18', '1582219698', 900000),
(47, 16, '2020-02-22 18:30:42', '1582219842', 3025000),
(48, 8, '2020-02-25 18:32:14', '1582219934', 1275000),
(49, 19, '2020-02-27 18:36:52', '1582220212', 1150000),
(50, 6, '2020-02-28 18:38:05', '1582220285', 925000),
(51, 20, '2020-02-29 18:39:49', '1582220389', 1575000),
(52, 16, '2020-03-01 18:42:51', '1582220571', 1475000),
(53, 9, '2020-03-02 18:43:17', '1582220597', 450000),
(54, 1, '2020-03-03 18:44:47', '1582220687', 1575000),
(55, 8, '2020-03-04 18:46:02', '1582220762', 1975000),
(56, 11, '2020-03-06 18:47:01', '1582220821', 1125000),
(57, 20, '2020-03-07 18:48:13', '1582220893', 1175000),
(58, 17, '2020-03-10 18:51:39', '1582221099', 675000),
(59, 2, '2020-03-15 18:52:48', '1582221168', 2395000),
(60, 10, '2020-03-17 18:53:45', '1582221225', 900000),
(61, 16, '2020-03-18 18:54:39', '1582221279', 575000),
(62, 19, '2020-03-19 18:59:50', '1582221590', 2270000),
(63, 14, '2020-03-21 19:01:39', '1582221699', 1725000),
(64, 5, '2020-03-23 05:44:11', '1597031051', 1150000),
(65, 20, '2020-03-24 05:45:14', '1597031114', 675000),
(66, 9, '2020-03-25 05:47:51', '1597031271', 1795000),
(67, 1, '2020-03-28 05:48:21', '1597031301', 525000),
(68, 10, '2020-03-29 06:07:07', '1597032427', 4345000),
(69, 12, '2020-03-31 06:07:52', '1597032472', 525000),
(70, 14, '2020-04-01 06:11:13', '1597032673', 4025000),
(71, 20, '2020-04-02 06:12:45', '1597032765', 2475000),
(72, 10, '2020-04-04 06:13:35', '1597032815', 1350000),
(73, 1, '2020-04-07 06:15:25', '1597032925', 1775000),
(74, 6, '2020-04-07 06:16:13', '1597032973', 1025000),
(75, 4, '2020-04-09 06:17:16', '1597033036', 3525000),
(76, 5, '2020-04-12 06:22:50', '1597033370', 825000),
(77, 16, '2020-04-13 06:24:37', '1597033477', 3450000),
(78, 10, '2020-04-27 06:27:11', '1597033631', 2025000),
(79, 14, '2020-04-14 06:29:49', '1597033789', 675000),
(80, 9, '2020-04-16 06:30:53', '1597033853', 2250000),
(81, 13, '2020-02-17 06:32:25', '1597033945', 3425000),
(82, 20, '2020-04-18 06:36:26', '1597034186', 675000),
(83, 1, '2020-04-19 06:38:10', '1597034290', 450000),
(84, 8, '2020-04-03 06:39:33', '1597034373', 1275000),
(85, 19, '2020-04-21 06:40:12', '1597034412', 650000),
(86, 11, '2020-04-22 06:41:10', '1597034470', 925000),
(87, 20, '2020-04-22 06:42:07', '1597034527', 3840000),
(88, 15, '2020-04-23 06:44:02', '1597034642', 1600000),
(89, 17, '2020-04-23 06:45:24', '1597034724', 675000),
(90, 6, '2020-04-26 06:46:04', '1597034764', 450000),
(91, 16, '2020-04-28 07:05:25', '1597035925', 1150000),
(93, 20, '2020-05-01 10:52:33', '1597049553', 2470000),
(94, 6, '2020-05-02 10:53:28', '1597049608', 1675000),
(95, 1, '2020-05-05 10:54:32', '1597049672', 800000),
(96, 14, '2020-05-06 10:55:20', '1597049720', 975000),
(97, 17, '2020-05-08 10:57:19', '1597049839', 3970000),
(98, 10, '2020-05-09 10:58:43', '1597049923', 1775000),
(99, 20, '2020-05-13 11:02:23', '1597050143', 475000),
(100, 19, '2020-05-14 11:04:00', '1597050240', 2725000),
(101, 15, '2020-05-16 11:05:43', '1597050343', 3720000),
(102, 17, '2020-05-17 11:07:52', '1597050472', 3000000),
(103, 1, '2020-05-18 11:09:53', '1597050593', 400000),
(104, 16, '2020-05-19 11:10:57', '1597050657', 1900000),
(105, 6, '2020-05-19 11:11:59', '1597050719', 2250000),
(107, 11, '2020-05-25 11:16:12', '1597050972', 2150000),
(108, 20, '2020-05-26 11:17:57', '1597051077', 975000),
(109, 2, '2020-05-27 11:18:56', '1597051136', 825000),
(110, 3, '2020-05-28 11:24:47', '1597051487', 2125000),
(111, 10, '2020-05-26 11:26:48', '1597051608', 925000),
(112, 10, '2020-05-29 11:29:00', '1597051740', 1625000),
(113, 14, '2020-05-30 11:30:26', '1597051826', 2495000),
(114, 10, '2020-06-01 11:47:58', '1597052878', 2425000),
(115, 20, '2020-06-02 11:49:25', '1597052965', 2840000),
(116, 7, '2020-06-03 11:50:58', '1597053058', 3800000),
(117, 14, '2020-06-09 11:52:55', '1597053175', 2775000),
(118, 1, '2020-06-10 11:58:03', '1597053483', 3175000),
(119, 20, '2020-06-16 12:04:13', '1597053853', 1450000),
(120, 10, '2020-06-20 12:07:17', '1597054037', 1650000),
(121, 20, '2020-06-22 12:10:42', '1597054242', 375000),
(122, 16, '2020-06-23 12:11:32', '1597054292', 900000),
(123, 1, '2020-06-25 12:13:49', '1597054429', 975000),
(124, 20, '2020-06-27 12:15:05', '1597054505', 1250000),
(125, 6, '2020-06-28 12:16:35', '1597054595', 3375000),
(126, 9, '2020-06-29 12:22:17', '1597054937', 600000),
(127, 21, '2020-07-01 18:36:13', '1597595773', 3425000),
(128, 22, '2020-07-06 18:39:40', '1597595980', 2010000),
(129, 23, '2020-07-09 18:42:32', '1597596152', 5265000),
(130, 24, '2020-07-10 18:46:56', '1597596416', 2450000),
(131, 25, '2020-07-13 18:48:40', '1597596520', 3220000),
(132, 26, '2020-07-16 18:50:21', '1597596621', 1400000),
(133, 27, '2020-07-17 18:51:53', '1597596713', 2625000),
(134, 22, '2019-07-01 17:43:52', '1599579832', 1275000),
(135, 40, '2019-07-01 17:44:57', '1599579897', 375000),
(136, 21, '2019-07-02 17:49:06', '1599580146', 3125000),
(137, 42, '2019-07-02 17:49:45', '1599580185', 1300000),
(138, 32, '2019-07-02 17:50:35', '1599580235', 1200000),
(139, 28, '2019-07-03 17:53:35', '1599580415', 1800000),
(140, 46, '2019-07-03 17:54:04', '1599580444', 1150000),
(141, 27, '2019-07-03 17:54:58', '1599580498', 1825000),
(142, 36, '2019-07-04 17:57:47', '1599580667', 1425000),
(143, 25, '2019-07-04 17:58:21', '1599580701', 450000),
(144, 40, '2019-07-04 17:58:52', '1599580732', 675000),
(145, 21, '2019-07-05 18:04:49', '1599581089', 1025000),
(146, 44, '2019-07-06 18:06:35', '1599581195', 300000),
(147, 23, '2019-07-06 18:07:22', '1599581242', 1200000),
(148, 29, '2019-07-08 18:09:22', '1599581362', 375000),
(149, 47, '2019-07-08 18:10:09', '1599581409', 1725000),
(150, 34, '2019-07-09 18:20:07', '1599582007', 1125000),
(151, 45, '2019-07-09 18:20:47', '1599582047', 1800000),
(152, 37, '2019-07-10 18:22:56', '1599582176', 1200000),
(153, 23, '2019-07-10 18:23:29', '1599582209', 450000),
(154, 46, '2019-07-10 18:23:57', '1599582237', 675000),
(155, 24, '2019-07-11 18:27:43', '1599582463', 1425000),
(156, 36, '2019-07-11 18:28:08', '1599582488', 575000),
(157, 30, '2019-07-13 18:31:34', '1599582694', 675000),
(158, 38, '2019-07-13 18:32:04', '1599582724', 900000),
(159, 28, '2019-07-13 18:32:30', '1599582750', 475000),
(160, 24, '2019-07-13 18:32:53', '1599582773', 450000),
(161, 31, '2019-07-13 18:33:20', '1599582800', 400000),
(162, 39, '2019-07-13 18:34:01', '1599582841', 300000),
(163, 34, '2019-07-14 18:38:08', '1599583088', 1375000),
(164, 37, '2019-07-14 18:39:00', '1599583140', 450000),
(165, 28, '2019-07-14 18:39:29', '1599583169', 675000),
(166, 49, '2019-07-15 18:41:57', '1599583317', 475000),
(167, 29, '2019-07-15 18:42:21', '1599583341', 600000),
(168, 41, '2019-07-16 18:44:24', '1599583464', 925000),
(169, 43, '2019-07-16 18:45:11', '1599583511', 2870000),
(170, 50, '2019-07-16 18:45:57', '1599583557', 1850000),
(171, 39, '2019-07-17 18:48:29', '1599583709', 1300000),
(172, 33, '2019-07-17 18:49:20', '1599583760', 2175000),
(173, 27, '2019-07-18 18:51:16', '1599583876', 450000),
(174, 40, '2019-07-18 18:51:49', '1599583909', 475000),
(175, 41, '2019-07-18 18:52:05', '1599583925', 500000),
(176, 32, '2019-07-19 18:55:21', '1599584121', 675000),
(177, 44, '2019-07-19 18:55:41', '1599584141', 650000),
(178, 42, '2019-07-19 18:56:17', '1599584177', 1200000),
(179, 30, '2019-07-20 18:59:05', '1599584345', 975000),
(180, 40, '2019-07-20 18:59:50', '1599584390', 1725000),
(181, 23, '2019-07-21 19:01:08', '1599584468', 675000),
(182, 26, '2019-07-21 19:01:56', '1599584516', 1475000),
(183, 22, '2019-07-22 19:02:44', '1599584564', 475000),
(184, 24, '2019-07-22 19:03:07', '1599584587', 900000),
(185, 44, '2019-07-23 19:08:57', '1599584937', 1050000),
(186, 32, '2019-07-23 19:09:22', '1599584962', 675000),
(187, 29, '2019-07-23 19:09:51', '1599584991', 1500000),
(188, 23, '2019-07-23 19:10:16', '1599585016', 375000),
(189, 25, '2019-07-24 19:10:52', '1599585052', 925000),
(190, 24, '2019-07-25 19:11:36', '1599585096', 525000),
(191, 43, '2019-07-25 19:12:03', '1599585123', 900000),
(192, 30, '2019-07-25 19:12:46', '1599585166', 1650000),
(193, 28, '2019-07-26 19:16:59', '1599585419', 525000),
(194, 26, '2019-07-27 19:18:38', '1599585518', 675000),
(195, 40, '2019-07-27 19:19:01', '1599585541', 475000),
(196, 37, '2019-07-27 19:20:19', '1599585619', 1125000),
(197, 49, '2019-07-27 19:21:05', '1599585665', 2075000),
(198, 24, '2019-07-28 19:22:08', '1599585728', 850000),
(199, 28, '2019-07-28 19:22:32', '1599585752', 575000),
(200, 34, '2019-07-28 19:22:55', '1599585775', 450000),
(201, 36, '2019-07-28 19:23:23', '1599585803', 900000),
(202, 30, '2019-07-29 19:23:55', '1599585835', 450000),
(203, 21, '2019-07-29 19:24:15', '1599585884', 1950000),
(204, 23, '2019-07-29 19:25:12', '1599585912', 1125000),
(205, 29, '2019-07-29 19:25:46', '1599585946', 825000),
(206, 47, '2019-07-29 19:32:34', '1599586354', 525000),
(207, 40, '2019-07-30 19:33:42', '1599586422', 1725000),
(208, 39, '2019-07-30 19:34:15', '1599586455', 1075000),
(209, 28, '2019-07-30 19:34:57', '1599586497', 1350000),
(210, 34, '2019-07-30 19:35:23', '1599586523', 600000),
(211, 21, '2019-07-31 19:36:09', '1599586569', 675000),
(212, 22, '2019-07-31 19:36:53', '1599586613', 2175000),
(213, 23, '2019-07-31 19:37:23', '1599586643', 1575000),
(214, 36, '2019-07-31 19:37:56', '1599586676', 1250000),
(215, 37, '2019-07-31 19:38:16', '1599586696', 450000),
(216, 40, '2019-07-31 19:38:42', '1599586722', 450000),
(217, 29, '2019-08-01 08:08:09', '1599631689', 2125000),
(218, 24, '2019-08-05 08:08:59', '1599631739', 1950000),
(219, 36, '2019-08-06 08:09:29', '1599631769', 500000),
(220, 22, '2019-08-06 08:10:00', '1599631800', 1050000),
(221, 34, '2019-08-07 08:10:34', '1599631834', 450000),
(222, 40, '2019-08-07 08:11:08', '1599631868', 1350000),
(223, 28, '2019-08-09 08:11:42', '1599631902', 500000),
(224, 37, '2019-08-09 08:12:05', '1599631925', 475000),
(225, 44, '2019-08-11 08:16:24', '1599632184', 1050000),
(226, 27, '2019-08-12 08:16:52', '1599632212', 1695000),
(227, 41, '2019-08-12 08:17:35', '1599632255', 2520000),
(228, 43, '2019-08-13 08:18:58', '1599632338', 675000),
(229, 30, '2019-08-14 08:19:33', '1599632373', 2070000),
(230, 21, '2019-08-15 08:20:58', '1599632458', 1100000),
(231, 28, '2019-08-15 08:21:21', '1599632481', 975000),
(232, 32, '2019-08-15 08:21:47', '1599632507', 975000),
(233, 22, '2019-08-16 08:28:03', '1599632883', 450000),
(234, 29, '2019-08-16 08:28:22', '1599632902', 450000),
(235, 35, '2019-08-16 08:28:40', '1599632920', 675000),
(236, 33, '2019-08-18 08:31:40', '1599633100', 450000),
(237, 27, '2019-08-19 08:32:12', '1599633132', 525000),
(238, 37, '2019-08-19 08:32:45', '1599633165', 1550000),
(239, 38, '2019-08-19 08:33:09', '1599633189', 600000),
(240, 40, '2019-08-19 08:33:30', '1599633210', 800000),
(241, 34, '2019-08-21 08:36:01', '1599633361', 2350000),
(242, 47, '2019-08-21 08:36:22', '1599633382', 450000),
(243, 25, '2019-08-22 08:39:06', '1599633546', 2250000),
(244, 35, '2019-08-22 08:39:36', '1599633576', 900000),
(245, 39, '2019-08-22 08:39:54', '1599633594', 575000),
(246, 43, '2019-08-22 08:40:14', '1599633614', 525000),
(247, 29, '2019-08-26 08:45:28', '1599633928', 1050000),
(248, 28, '2019-08-27 08:45:56', '1599633956', 1195000),
(249, 25, '2019-08-28 08:46:25', '1599633985', 975000),
(250, 42, '2019-08-29 08:46:51', '1599634011', 900000),
(251, 24, '2019-08-31 08:47:40', '1599634060', 1270000),
(252, 28, '2019-08-31 08:48:04', '1599634084', 475000),
(253, 30, '2019-08-31 08:48:20', '1599634100', 475000),
(254, 32, '2019-08-31 08:48:34', '1599634114', 350000),
(255, 40, '2019-08-31 08:49:01', '1599634141', 1500000),
(256, 33, '2019-09-01 08:54:13', '1599634453', 375000),
(257, 37, '2019-09-01 08:54:36', '1599634476', 925000),
(258, 43, '2019-09-01 08:55:01', '1599634501', 1125000),
(259, 22, '2019-09-03 08:55:29', '1599634529', 375000),
(260, 40, '2019-09-05 08:55:57', '1599634557', 450000),
(261, 39, '2019-09-06 08:56:29', '1599634589', 800000),
(262, 29, '2019-09-06 08:57:03', '1599634623', 2100000),
(263, 28, '2019-09-07 08:57:32', '1599634652', 450000),
(264, 24, '2019-09-08 08:58:02', '1599634682', 525000),
(265, 32, '2019-09-08 08:58:24', '1599634704', 1695000),
(266, 49, '2019-09-11 08:58:55', '1599634735', 1195000),
(267, 23, '2019-09-13 08:59:35', '1599634775', 1275000),
(268, 40, '2019-09-13 08:59:58', '1599634798', 450000),
(269, 48, '2019-09-14 09:00:27', '1599634827', 925000),
(270, 25, '2019-09-14 09:00:47', '1599634847', 450000),
(271, 28, '2019-09-15 09:01:18', '1599634878', 800000),
(272, 47, '2019-09-16 09:01:53', '1599634913', 1145000),
(273, 27, '2019-09-17 09:02:21', '1599634941', 375000),
(274, 37, '2019-09-17 09:02:40', '1599634960', 500000),
(275, 46, '2019-09-17 09:03:03', '1599634983', 1125000),
(276, 41, '2019-09-18 09:13:17', '1599635597', 375000),
(277, 34, '2019-09-18 09:13:38', '1599635618', 450000),
(278, 43, '2019-09-18 09:14:08', '1599635648', 1350000),
(279, 50, '2019-09-20 09:15:31', '1599635731', 2300000),
(280, 21, '2019-09-20 09:16:12', '1599635772', 1550000),
(281, 23, '2019-09-21 09:17:00', '1599635820', 1975000),
(282, 29, '2019-09-21 09:17:40', '1599635860', 675000),
(283, 30, '2019-09-21 09:18:32', '1599635912', 2345000),
(284, 32, '2019-09-21 09:18:57', '1599635937', 1275000),
(285, 40, '2019-09-21 09:19:21', '1599635961', 375000),
(286, 36, '2019-09-24 09:20:21', '1599636021', 670000),
(287, 31, '2019-09-25 09:20:55', '1599636055', 1175000),
(288, 22, '2019-09-25 09:21:25', '1599636085', 1425000),
(289, 42, '2019-09-25 09:21:41', '1599636101', 450000),
(290, 28, '2019-09-28 09:22:24', '1599636144', 375000),
(291, 39, '2019-09-28 09:22:43', '1599636163', 450000),
(292, 24, '2019-09-29 09:23:18', '1599636198', 675000),
(293, 37, '2019-09-29 09:23:35', '1599636215', 675000),
(294, 22, '2019-09-30 09:24:32', '1599636272', 875000),
(295, 27, '2019-09-30 09:24:52', '1599636292', 1050000),
(296, 28, '2019-09-30 09:25:25', '1599636325', 650000),
(297, 29, '2019-09-30 09:25:41', '1599636341', 375000),
(298, 40, '2019-09-30 09:26:07', '1599636367', 675000),
(299, 41, '2019-09-30 09:26:32', '1599636392', 1600000),
(300, 44, '2019-09-30 09:27:03', '1599636423', 1525000),
(301, 34, '2019-10-01 12:38:41', '1599647921', 925000),
(302, 27, '2019-10-02 12:39:33', '1599647973', 600000),
(303, 27, '2019-10-03 12:40:17', '1599648017', 1800000),
(304, 24, '2019-10-04 12:41:28', '1599648088', 375000),
(305, 32, '2019-10-05 12:42:08', '1599648128', 1375000),
(306, 37, '2019-10-06 12:43:21', '1599648201', 2100000),
(307, 27, '2019-10-06 12:43:45', '1599648225', 300000),
(308, 23, '2019-10-07 12:44:18', '1599648258', 900000),
(309, 26, '2019-10-08 12:44:42', '1599648282', 450000),
(310, 44, '2019-10-09 12:45:36', '1599648336', 375000),
(311, 29, '2019-10-10 12:46:02', '1599648362', 1120000),
(312, 40, '2019-10-12 12:46:42', '1599648402', 450000),
(313, 41, '2019-10-12 12:47:04', '1599648424', 900000),
(314, 22, '2019-10-13 12:47:38', '1599648458', 350000),
(315, 23, '2019-10-13 12:48:05', '1599648485', 775000),
(316, 50, '2019-10-13 12:48:31', '1599648511', 1125000),
(317, 38, '2019-10-14 12:49:20', '1599648560', 525000),
(318, 42, '2019-10-14 12:49:45', '1599648585', 1125000),
(319, 33, '2019-10-14 12:50:17', '1599648617', 1150000),
(320, 32, '2019-10-16 12:50:45', '1599648645', 375000),
(321, 24, '2019-10-19 12:51:33', '1599648693', 1375000),
(322, 28, '2019-10-19 12:52:06', '1599648726', 1525000),
(323, 40, '2019-10-19 12:52:35', '1599648755', 1125000),
(324, 34, '2019-10-20 12:53:10', '1599648790', 375000),
(325, 37, '2019-10-23 13:01:32', '1599649292', 450000),
(326, 41, '2019-10-23 13:01:52', '1599649312', 525000),
(327, 24, '2019-10-25 13:02:39', '1599649359', 1125000),
(328, 29, '2019-10-25 13:03:02', '1599649382', 675000),
(329, 25, '2019-10-26 13:03:34', '1599649414', 1800000),
(330, 22, '2019-10-27 13:04:17', '1599649457', 925000),
(331, 28, '2019-10-29 13:04:45', '1599649485', 1125000),
(332, 40, '2019-10-29 13:05:10', '1599649510', 670000),
(333, 43, '2019-10-29 13:05:39', '1599649539', 950000),
(334, 37, '2019-10-30 13:06:12', '1599649572', 650000),
(335, 24, '2019-10-31 13:06:38', '1599649598', 450000),
(336, 33, '2019-10-31 13:06:53', '1599649613', 450000),
(337, 44, '2019-10-31 13:07:16', '1599649636', 900000),
(338, 41, '2019-11-01 13:16:38', '1599650198', 2395000),
(339, 24, '2019-11-03 13:17:17', '1599650237', 1250000),
(340, 23, '2019-11-04 13:17:51', '1599650271', 375000),
(341, 49, '2019-11-04 13:18:47', '1599650327', 1400000),
(342, 37, '2019-11-08 13:19:21', '1599650361', 950000),
(343, 40, '2019-11-08 13:19:47', '1599650387', 525000),
(344, 28, '2019-11-09 13:32:27', '1599651147', 350000),
(345, 47, '2019-11-11 13:33:05', '1599651185', 600000),
(346, 33, '2019-11-11 13:33:34', '1599651214', 1795000),
(347, 43, '2019-11-11 13:33:59', '1599651239', 1125000),
(348, 22, '2019-11-12 13:34:48', '1599651288', 2620000),
(349, 39, '2019-11-12 13:35:11', '1599651311', 1045000),
(350, 23, '2019-11-13 13:35:45', '1599651345', 450000),
(351, 36, '2019-11-13 13:36:09', '1599651369', 1050000),
(352, 24, '2019-11-14 13:36:38', '1599651398', 650000),
(353, 32, '2019-11-14 13:37:04', '1599651424', 1500000),
(354, 25, '2019-11-15 13:37:51', '1599651471', 2620000),
(355, 30, '2019-11-15 13:38:16', '1599651496', 1125000),
(356, 26, '2019-11-16 13:38:59', '1599651539', 925000),
(357, 29, '2019-11-16 13:39:18', '1599651558', 300000),
(358, 34, '2019-11-16 13:39:36', '1599651576', 675000),
(359, 40, '2019-11-16 13:39:57', '1599651597', 975000),
(360, 41, '2019-11-17 13:40:26', '1599651626', 675000),
(361, 46, '2019-11-21 13:46:04', '1599651964', 450000),
(362, 43, '2019-11-21 13:46:23', '1599651983', 675000),
(363, 24, '2019-11-23 13:46:56', '1599652016', 300000),
(364, 40, '2019-11-24 13:47:25', '1599652045', 500000),
(365, 37, '2019-11-25 13:47:56', '1599652076', 670000),
(366, 24, '2019-11-26 13:48:16', '1599652096', 575000),
(367, 23, '2019-11-27 13:48:48', '1599652128', 1145000),
(368, 32, '2019-11-27 13:49:15', '1599652155', 1850000),
(369, 34, '2019-11-28 13:50:20', '1599652220', 3775000),
(370, 47, '2019-11-29 13:50:58', '1599652258', 2125000),
(371, 29, '2019-11-30 13:51:51', '1599652311', 2675000),
(372, 40, '2019-11-30 13:52:15', '1599652335', 1770000),
(373, 44, '2019-11-30 13:52:41', '1599652361', 2045000),
(374, 23, '2019-12-01 13:58:48', '1599652728', 2000000),
(375, 24, '2019-12-01 13:59:15', '1599652755', 450000),
(376, 42, '2019-12-01 13:59:52', '1599652792', 1725000),
(377, 34, '2019-12-03 14:01:13', '1599652873', 1120000),
(378, 38, '2019-12-03 14:01:47', '1599652907', 1350000),
(379, 40, '2019-12-03 14:02:10', '1599652930', 350000),
(380, 28, '2019-12-04 14:02:47', '1599652967', 1650000),
(381, 39, '2019-12-04 14:03:16', '1599652996', 1350000),
(382, 37, '2019-12-05 14:03:57', '1599653037', 1950000),
(383, 43, '2019-12-06 14:04:22', '1599653062', 825000),
(384, 30, '2019-12-09 14:04:57', '1599653097', 500000),
(385, 32, '2019-12-10 14:05:23', '1599653123', 450000),
(386, 40, '2019-12-11 14:07:35', '1599653255', 525000),
(387, 24, '2019-12-12 14:08:11', '1599653291', 900000),
(388, 25, '2019-12-12 14:08:46', '1599653326', 1775000),
(389, 46, '2019-12-14 14:09:15', '1599653355', 1600000),
(390, 23, '2019-12-18 14:10:24', '1599653424', 3250000),
(391, 21, '2019-12-21 14:11:13', '1599653473', 450000),
(392, 24, '2019-12-21 14:11:34', '1599653494', 900000),
(393, 32, '2019-12-21 14:12:00', '1599653520', 1175000),
(394, 49, '2019-12-21 14:12:14', '1599653534', 375000),
(395, 40, '2019-12-22 14:13:59', '1599653639', 6150000),
(396, 37, '2019-12-22 14:14:28', '1599653668', 350000),
(397, 24, '2019-12-25 14:16:11', '1599653771', 7920000),
(398, 31, '2019-12-27 14:16:51', '1599653811', 2045000),
(399, 30, '2019-12-28 14:17:12', '1599653832', 475000),
(400, 50, '2019-12-29 14:17:35', '1599653855', 1600000),
(401, 43, '2019-12-30 14:19:00', '1599653940', 4420000);

-- --------------------------------------------------------

--
-- Table structure for table `tjm_menu`
--

CREATE TABLE `tjm_menu` (
  `id` int(11) NOT NULL,
  `parent_menu` int(11) NOT NULL DEFAULT '1',
  `nama_menu` varchar(50) NOT NULL,
  `url_menu` varchar(50) NOT NULL,
  `icon` varchar(50) NOT NULL,
  `urutan` tinyint(3) NOT NULL,
  `status` tinyint(4) NOT NULL,
  `type` enum('Admin') NOT NULL DEFAULT 'Admin'
) ENGINE=InnoDB DEFAULT CHARSET=utf8;

--
-- Dumping data for table `tjm_menu`
--

INSERT INTO `tjm_menu` (`id`, `parent_menu`, `nama_menu`, `url_menu`, `icon`, `urutan`, `status`, `type`) VALUES
(1, 1, 'root', '/', '', 0, 0, 'Admin'),
(2, 1, 'dashboard', 'admin/dashboard', 'fa fa-fw fa-dashboard', 1, 1, 'Admin'),
(3, 1, 'User Admin', 'admin/useradmin', 'fa fa-users', 7, 1, 'Admin'),
(4, 1, 'Menu', 'admin/menu', 'fa fa-gear', 100, 0, 'Admin'),
(30, 1, 'Kriteria', 'admin/kriteria', 'glyphicon glyphicon-list', 2, 1, 'Admin'),
(31, 1, 'kategori kacamata', 'admin/kategori', 'glyphicon glyphicon-list', 3, 1, 'Admin'),
(32, 1, 'Member', 'admin/member', 'glyphicon glyphicon-align-justify', 4, 1, 'Admin'),
(33, 1, 'Penjualan', 'admin/penjualan', 'glyphicon glyphicon-list-alt', 5, 1, 'Admin'),
(34, 1, 'LogOut', 'admin/login/logout', 'glyphicon glyphicon-off', 10, 1, 'Admin'),
(35, 1, 'Reset Password', 'admin/akun/reset_password', 'fa fa-key', 9, 1, 'Admin'),
(36, 1, 'Kalkulasi Clustering', 'admin/kalkulasi', 'glyphicon glyphicon-play', 6, 1, 'Admin');

--
-- Indexes for dumped tables
--

--
-- Indexes for table `admin`
--
ALTER TABLE `admin`
  ADD PRIMARY KEY (`id`);

--
-- Indexes for table `centroid_data`
--
ALTER TABLE `centroid_data`
  ADD PRIMARY KEY (`id_c`);

--
-- Indexes for table `data_bobot`
--
ALTER TABLE `data_bobot`
  ADD PRIMARY KEY (`id`);

--
-- Indexes for table `detail_penjualan`
--
ALTER TABLE `detail_penjualan`
  ADD PRIMARY KEY (`id_detail`);

--
-- Indexes for table `hasil_rfm`
--
ALTER TABLE `hasil_rfm`
  ADD PRIMARY KEY (`id_hasil`);

--
-- Indexes for table `kalkulasi`
--
ALTER TABLE `kalkulasi`
  ADD PRIMARY KEY (`id`);

--
-- Indexes for table `kategori`
--
ALTER TABLE `kategori`
  ADD PRIMARY KEY (`id`);

--
-- Indexes for table `kriteria`
--
ALTER TABLE `kriteria`
  ADD PRIMARY KEY (`id`);

--
-- Indexes for table `member`
--
ALTER TABLE `member`
  ADD PRIMARY KEY (`id`);

--
-- Indexes for table `penjualan`
--
ALTER TABLE `penjualan`
  ADD PRIMARY KEY (`id`);

--
-- Indexes for table `tjm_menu`
--
ALTER TABLE `tjm_menu`
  ADD PRIMARY KEY (`id`);

--
-- AUTO_INCREMENT for dumped tables
--

--
-- AUTO_INCREMENT for table `admin`
--
ALTER TABLE `admin`
  MODIFY `id` int(11) NOT NULL AUTO_INCREMENT, AUTO_INCREMENT=3;

--
-- AUTO_INCREMENT for table `centroid_data`
--
ALTER TABLE `centroid_data`
  MODIFY `id_c` int(5) NOT NULL AUTO_INCREMENT, AUTO_INCREMENT=5;

--
-- AUTO_INCREMENT for table `data_bobot`
--
ALTER TABLE `data_bobot`
  MODIFY `id` int(4) NOT NULL AUTO_INCREMENT, AUTO_INCREMENT=91;

--
-- AUTO_INCREMENT for table `detail_penjualan`
--
ALTER TABLE `detail_penjualan`
  MODIFY `id_detail` int(10) NOT NULL AUTO_INCREMENT, AUTO_INCREMENT=980;

--
-- AUTO_INCREMENT for table `hasil_rfm`
--
ALTER TABLE `hasil_rfm`
  MODIFY `id_hasil` int(5) NOT NULL AUTO_INCREMENT, AUTO_INCREMENT=91;

--
-- AUTO_INCREMENT for table `kalkulasi`
--
ALTER TABLE `kalkulasi`
  MODIFY `id` int(3) NOT NULL AUTO_INCREMENT, AUTO_INCREMENT=5;

--
-- AUTO_INCREMENT for table `kategori`
--
ALTER TABLE `kategori`
  MODIFY `id` int(2) NOT NULL AUTO_INCREMENT, AUTO_INCREMENT=27;

--
-- AUTO_INCREMENT for table `kriteria`
--
ALTER TABLE `kriteria`
  MODIFY `id` int(3) NOT NULL AUTO_INCREMENT, AUTO_INCREMENT=16;

--
-- AUTO_INCREMENT for table `member`
--
ALTER TABLE `member`
  MODIFY `id` int(5) NOT NULL AUTO_INCREMENT, AUTO_INCREMENT=51;

--
-- AUTO_INCREMENT for table `penjualan`
--
ALTER TABLE `penjualan`
  MODIFY `id` int(4) NOT NULL AUTO_INCREMENT, AUTO_INCREMENT=402;

--
-- AUTO_INCREMENT for table `tjm_menu`
--
ALTER TABLE `tjm_menu`
  MODIFY `id` int(11) NOT NULL AUTO_INCREMENT, AUTO_INCREMENT=37;
COMMIT;

/*!40101 SET CHARACTER_SET_CLIENT=@OLD_CHARACTER_SET_CLIENT */;
/*!40101 SET CHARACTER_SET_RESULTS=@OLD_CHARACTER_SET_RESULTS */;
/*!40101 SET COLLATION_CONNECTION=@OLD_COLLATION_CONNECTION */;
